scorer,DLC_resnet50_Pendulum-Cam3Apr22shuffle1_20000,DLC_resnet50_Pendulum-Cam3Apr22shuffle1_20000,DLC_resnet50_Pendulum-Cam3Apr22shuffle1_20000,DLC_resnet50_Pendulum-Cam3Apr22shuffle1_20000,DLC_resnet50_Pendulum-Cam3Apr22shuffle1_20000,DLC_resnet50_Pendulum-Cam3Apr22shuffle1_20000,DLC_resnet50_Pendulum-Cam3Apr22shuffle1_20000,DLC_resnet50_Pendulum-Cam3Apr22shuffle1_20000,DLC_resnet50_Pendulum-Cam3Apr22shuffle1_20000
bodyparts,P01,P01,P01,P02,P02,P02,P03,P03,P03
coords,x,y,likelihood,x,y,likelihood,x,y,likelihood
0,1192.229248046875,213.6753387451172,0.9931259155273438,1107.935546875,480.0660400390625,0.9987462759017944,1082.3985595703125,567.7493896484375,0.9385407567024231
1,1192.2576904296875,213.9815216064453,0.9932855367660522,1108.9691162109375,480.0660400390625,0.9984117746353149,1084.0035400390625,567.7493896484375,0.9600999355316162
2,1192.4580078125,214.0127410888672,0.9918169379234314,1112.153564453125,480.8331604003906,0.9959426522254944,1087.31591796875,567.9395751953125,0.9948264956474304
3,1193.807373046875,214.5150909423828,0.9872465133666992,1118.7889404296875,480.8331604003906,0.9939559102058411,1092.92626953125,567.7493896484375,0.9932910203933716
4,1194.354736328125,215.44577026367188,0.98564213514328,1125.3931884765625,480.8331604003906,0.998043417930603,1103.8265380859375,567.1602783203125,0.9947452545166016
5,1196.627685546875,216.16868591308594,0.9855350255966187,1134.632568359375,482.4275817871094,0.9956204295158386,1118.3292236328125,564.1810913085938,0.9909268617630005
6,1197.960693359375,216.28018188476562,0.983975887298584,1147.737548828125,483.5138854980469,0.9951021671295166,1132.879150390625,564.1810913085938,0.9866320490837097
7,1202.179931640625,216.28018188476562,0.9911909699440002,1159.215576171875,487.0373229980469,0.9977737069129944,1148.376708984375,564.1810913085938,0.9844604134559631
8,1204.340087890625,216.28018188476562,0.994065523147583,1171.181396484375,489.79119873046875,0.9972445964813232,1165.152587890625,564.8489990234375,0.986979603767395
9,1207.242919921875,216.17489624023438,0.9934594631195068,1184.1741943359375,491.6947021484375,0.9958752989768982,1181.2236328125,567.0111694335938,0.9784383773803711
10,1210.290771484375,216.1370849609375,0.9874495267868042,1199.3350830078125,492.7356262207031,0.9935322999954224,1198.6258544921875,571.5191040039062,0.9512116312980652
11,1212.715087890625,216.01083374023438,0.9894716143608093,1210.0469970703125,494.79656982421875,0.9800376892089844,1216.4996337890625,577.0468139648438,0.9784021973609924
12,1215.7847900390625,214.71591186523438,0.9868184328079224,1222.359130859375,497.55706787109375,0.9964333772659302,1229.7855224609375,579.869140625,0.9763944745063782
13,1217.53369140625,214.43185424804688,0.9891063570976257,1231.4169921875,498.376708984375,0.9972667694091797,1241.155517578125,586.3137817382812,0.9780308604240417
14,1219.1700439453125,214.43185424804688,0.9929296374320984,1239.3155517578125,499.7515869140625,0.9968252182006836,1250.6688232421875,591.4078369140625,0.9952060580253601
15,1221.1370849609375,214.4437713623047,0.9938672184944153,1244.9796142578125,501.8309326171875,0.9939268231391907,1257.0220947265625,596.0640869140625,0.9906942248344421
16,1222.11572265625,214.4437713623047,0.9950551986694336,1246.8402099609375,502.7354431152344,0.9961925745010376,1258.2471923828125,597.2156372070312,0.9794939160346985
17,1222.140869140625,214.58963012695312,0.99605393409729,1246.8402099609375,504.12933349609375,0.9954663515090942,1258.2471923828125,598.3938598632812,0.9776392579078674
18,1222.140869140625,214.7528533935547,0.9953829646110535,1246.8402099609375,505.0980224609375,0.9929701685905457,1258.2471923828125,601.4579467773438,0.961982011795044
19,1222.11572265625,214.89596557617188,0.9953510761260986,1244.044921875,505.1440124511719,0.9867619276046753,1252.5963134765625,603.6799926757812,0.9809097647666931
20,1220.5181884765625,214.946044921875,0.9955759048461914,1235.0643310546875,505.6778564453125,0.9966699481010437,1241.8447265625,606.2688598632812,0.9508723020553589
21,1219.1483154296875,215.56849670410156,0.9934635162353516,1227.80517578125,506.90313720703125,0.9861021041870117,1230.673095703125,606.2688598632812,0.9861792325973511
22,1216.068603515625,216.90371704101562,0.9872621893882751,1216.8565673828125,506.90313720703125,0.9918993711471558,1215.790283203125,606.2688598632812,0.9849077463150024
23,1212.7894287109375,216.90371704101562,0.9883610010147095,1203.93310546875,506.71429443359375,0.9930570125579834,1200.1259765625,603.6761474609375,0.9852500557899475
24,1211.436767578125,216.90371704101562,0.9880821704864502,1190.345947265625,506.71429443359375,0.9956830739974976,1181.947509765625,601.0822143554688,0.9912028312683105
25,1207.409423828125,215.74827575683594,0.9952290058135986,1176.156982421875,506.38555908203125,0.9969010353088379,1163.6732177734375,599.9983520507812,0.9849565625190735
26,1206.0057373046875,215.50193786621094,0.995610773563385,1162.655029296875,503.6923522949219,0.993441104888916,1147.8369140625,597.6394653320312,0.9877989292144775
27,1202.52490234375,215.50193786621094,0.9953688979148865,1150.782470703125,498.7982482910156,0.9916113018989563,1130.795166015625,590.8840942382812,0.9778649806976318
28,1200.3524169921875,215.36392211914062,0.9907765984535217,1138.165771484375,495.2410888671875,0.9950876832008362,1117.0623779296875,587.9778442382812,0.9657144546508789
29,1197.568603515625,215.18455505371094,0.9881069660186768,1128.803466796875,492.5322570800781,0.9928376078605652,1104.8070068359375,578.2874755859375,0.9649677872657776
30,1195.7593994140625,215.18455505371094,0.9899371862411499,1119.567138671875,490.3335876464844,0.9952828288078308,1093.8099365234375,576.8275756835938,0.985084593296051
31,1194.6998291015625,215.02957153320312,0.9897047877311707,1115.2646484375,485.3449401855469,0.9953920841217041,1088.5,573.988037109375,0.9839509725570679
32,1193.2041015625,214.9322967529297,0.9917064905166626,1111.47705078125,484.1362609863281,0.9986734390258789,1086.5054931640625,570.6503295898438,0.9750842452049255
33,1193.2041015625,214.6497344970703,0.9915375709533691,1111.47705078125,481.8668212890625,0.9984708428382874,1086.5054931640625,568.9389038085938,0.9725861549377441
34,1193.2041015625,214.6497344970703,0.990967333316803,1111.47705078125,481.0108337402344,0.9974147081375122,1086.5054931640625,567.3046264648438,0.9929948449134827
35,1193.51220703125,214.6497344970703,0.9895294308662415,1116.3878173828125,481.0108337402344,0.9940512776374817,1089.6107177734375,567.0693359375,0.9966437816619873
36,1193.546142578125,215.0730438232422,0.9838056564331055,1120.5440673828125,481.0108337402344,0.9961898326873779,1097.6370849609375,566.7176513671875,0.9667840003967285
37,1195.052978515625,215.5695343017578,0.9847636818885803,1129.3182373046875,481.3763732910156,0.9958035349845886,1107.859130859375,566.4625854492188,0.9965177774429321
38,1197.1605224609375,215.9053955078125,0.985227108001709,1139.0303955078125,483.1541748046875,0.9987063407897949,1122.14453125,564.0679321289062,0.996129035949707
39,1199.88232421875,215.9821319580078,0.9848336577415466,1149.5562744140625,485.09765625,0.9932019114494324,1136.5301513671875,564.0679321289062,0.9966042041778564
40,1203.183837890625,216.08238220214844,0.9930839538574219,1164.22998046875,486.01666259765625,0.993339478969574,1152.744140625,564.0679321289062,0.9957171082496643
41,1205.0484619140625,216.21279907226562,0.9945249557495117,1174.4652099609375,490.0058898925781,0.9962884187698364,1168.6632080078125,565.9096069335938,0.9937783479690552
42,1207.8216552734375,216.55242919921875,0.9929589033126831,1188.8385009765625,490.7989196777344,0.9967594742774963,1184.4818115234375,567.89013671875,0.986171543598175
43,1210.45703125,216.21279907226562,0.9877711534500122,1201.9609375,493.7049865722656,0.9969346523284912,1201.765869140625,571.9100952148438,0.9645217657089233
44,1212.754638671875,216.08238220214844,0.9892482161521912,1212.385009765625,495.4249572753906,0.9823361039161682,1219.473388671875,577.5540771484375,0.9897499680519104
45,1215.2838134765625,215.93775939941406,0.9875152111053467,1223.86474609375,497.93408203125,0.9957627654075623,1230.68115234375,582.9004516601562,0.9835345149040222
46,1217.581787109375,214.913818359375,0.9869630932807922,1232.3355712890625,499.0735168457031,0.997894823551178,1242.6417236328125,585.3478393554688,0.9580171704292297
47,1218.9608154296875,214.87013244628906,0.9921931624412537,1239.2451171875,500.7137756347656,0.9971038699150085,1249.92626953125,594.0200805664062,0.9971871972084045
48,1221.1170654296875,214.87013244628906,0.9953147172927856,1245.5909423828125,501.40411376953125,0.9938481450080872,1255.238525390625,597.9283447265625,0.9938452839851379
49,1221.384765625,214.6750030517578,0.9953652620315552,1245.5909423828125,502.9794616699219,0.9944779872894287,1255.303955078125,598.5713500976562,0.9811718463897705
50,1221.384765625,214.8654022216797,0.9960353970527649,1245.5909423828125,504.6266784667969,0.9940663576126099,1255.303955078125,600.951171875,0.9733901023864746
51,1221.384765625,214.8654022216797,0.9950621724128723,1245.4241943359375,504.83013916015625,0.9887175559997559,1255.303955078125,602.7659301757812,0.9710839986801147
52,1221.3739013671875,215.32139587402344,0.9954532384872437,1239.609375,506.5732116699219,0.994602620601654,1248.87109375,602.81396484375,0.9798110127449036
53,1219.6324462890625,215.32139587402344,0.9947199821472168,1233.485107421875,506.5732116699219,0.9949276447296143,1236.5667724609375,606.4353637695312,0.9937505125999451
54,1218.08447265625,215.94186401367188,0.9909839630126953,1224.591796875,506.76409912109375,0.9948437213897705,1224.6917724609375,606.4353637695312,0.9722651243209839
55,1213.98486328125,216.70965576171875,0.9882346391677856,1211.7991943359375,506.5732116699219,0.9696128964424133,1210.739990234375,606.4353637695312,0.9637548327445984
56,1212.1756591796875,216.70965576171875,0.9883726239204407,1199.7347412109375,506.5414733886719,0.9902510643005371,1195.94091796875,603.2951049804688,0.9356364607810974
57,1210.100830078125,216.70965576171875,0.9911346435546875,1186.521484375,506.53631591796875,0.994055986404419,1178.2154541015625,601.1416625976562,0.9824815392494202
58,1206.98583984375,216.27767944335938,0.9947047829627991,1172.81201171875,505.7726745605469,0.9984177350997925,1160.2642822265625,599.427978515625,0.9955174326896667
59,1204.822021484375,216.27767944335938,0.9946539402008057,1160.5008544921875,502.90081787109375,0.9975649118423462,1143.9061279296875,595.1539306640625,0.994232714176178
60,1201.3812255859375,216.13136291503906,0.9915743470191956,1148.228515625,497.6724853515625,0.993504524230957,1128.8372802734375,589.3721313476562,0.9701871871948242
61,1199.0526123046875,216.13136291503906,0.9857959747314453,1136.4246826171875,494.1871337890625,0.993858277797699,1113.693359375,587.2360229492188,0.9217123985290527
62,1197.4986572265625,216.04917907714844,0.9891258478164673,1128.154541015625,491.6791076660156,0.9935709238052368,1103.8607177734375,576.8115844726562,0.9539686441421509
63,1195.31005859375,215.87799072265625,0.9895879030227661,1119.9583740234375,489.7840270996094,0.9965893030166626,1093.55859375,576.5111694335938,0.9874990582466125
64,1194.7572021484375,215.76565551757812,0.9873069524765015,1116.1982421875,485.0110168457031,0.9953008890151978,1089.041015625,571.9927368164062,0.9885038733482361
65,1193.442138671875,215.31301879882812,0.990587055683136,1115.3402099609375,483.2530212402344,0.9975332021713257,1088.6385498046875,570.03271484375,0.9908554553985596
66,1193.442138671875,215.06289672851562,0.9906214475631714,1115.3402099609375,481.7859191894531,0.9969430565834045,1088.6385498046875,568.4691162109375,0.9930693507194519
67,1193.442138671875,215.06289672851562,0.9903269410133362,1115.3402099609375,479.9471130371094,0.9939701557159424,1088.6385498046875,567.5829467773438,0.9965341091156006
68,1193.76318359375,215.06289672851562,0.9877052307128906,1118.7506103515625,479.32989501953125,0.992958664894104,1093.0848388671875,567.1270751953125,0.9935024380683899
69,1194.00048828125,215.5758056640625,0.9858521223068237,1124.61962890625,479.32989501953125,0.9978609681129456,1102.18505859375,566.5125122070312,0.9915974736213684
70,1196.1109619140625,215.5758056640625,0.986549973487854,1133.6527099609375,479.9471130371094,0.9952386617660522,1113.2684326171875,563.605224609375,0.9832579493522644
71,1197.768798828125,215.85183715820312,0.9851956367492676,1143.284912109375,483.0162658691406,0.998063862323761,1127.019287109375,563.605224609375,0.992798924446106
72,1200.7222900390625,216.04177856445312,0.9885271787643433,1153.9718017578125,485.92022705078125,0.9980762004852295,1140.76708984375,563.605224609375,0.9973648190498352
73,1203.6239013671875,216.04177856445312,0.9937565326690674,1165.5169677734375,487.8396301269531,0.9932066202163696,1155.806640625,564.734130859375,0.9971024394035339
74,1205.41259765625,216.05775451660156,0.9947394728660583,1179.987548828125,488.1443786621094,0.98895263671875,1171.6802978515625,566.0631103515625,0.9959249496459961
75,1208.1900634765625,216.07391357421875,0.9924694895744324,1192.0413818359375,492.1229553222656,0.9961656332015991,1187.8447265625,568.1636962890625,0.9884493947029114
76,1210.764404296875,216.05775451660156,0.988224983215332,1204.0968017578125,494.4757385253906,0.9961788654327393,1204.327880859375,573.0211791992188,0.9645929932594299
77,1213.0526123046875,216.05775451660156,0.9886131286621094,1214.6015625,496.57476806640625,0.9906740784645081,1220.5623779296875,578.042724609375,0.991657018661499
78,1215.2606201171875,215.70474243164062,0.987412691116333,1224.85009765625,498.7124938964844,0.9948221445083618,1232.0899658203125,583.9356079101562,0.9882420897483826
79,1217.299560546875,215.09788513183594,0.9875020980834961,1232.8363037109375,500.2559509277344,0.9979581832885742,1243.39892578125,586.8675537109375,0.9595749378204346
80,1218.926025390625,214.7640380859375,0.9923425316810608,1239.0179443359375,501.410888671875,0.9973580241203308,1249.0523681640625,595.3316040039062,0.9971230626106262
81,1220.7576904296875,214.51083374023438,0.9948434829711914,1244.8360595703125,502.4002380371094,0.9935052394866943,1254.37353515625,599.2169189453125,0.9944426417350769
82,1221.0887451171875,214.51083374023438,0.9957690238952637,1244.8360595703125,504.4467468261719,0.9925764203071594,1254.37353515625,600.7665405273438,0.9881430268287659
83,1221.0887451171875,214.57559204101562,0.9960136413574219,1244.8360595703125,504.570556640625,0.9895642995834351,1254.37353515625,602.6175537109375,0.971589207649231
84,1221.0887451171875,214.7640380859375,0.9953386783599854,1241.9991455078125,506.6595458984375,0.9866833090782166,1252.052001953125,603.4592895507812,0.9842392206192017
85,1220.9046630859375,215.08766174316406,0.9953848719596863,1235.7216796875,507.0118408203125,0.9962420463562012,1244.54833984375,605.16455078125,0.9520069360733032
86,1218.81201171875,215.97279357910156,0.9929896593093872,1229.4683837890625,507.6165466308594,0.9880467653274536,1232.37158203125,606.8014526367188,0.9946310520172119
87,1216.9283447265625,216.1245880126953,0.9887017011642456,1220.729736328125,507.6165466308594,0.9956627488136292,1220.0748291015625,606.8014526367188,0.994184672832489
88,1213.5028076171875,217.05670166015625,0.9889425039291382,1209.2657470703125,507.1770324707031,0.9851154685020447,1205.9283447265625,606.8014526367188,0.9868202805519104
89,1211.91259765625,217.05670166015625,0.9878985285758972,1195.211669921875,507.1770324707031,0.9817987084388733,1190.0753173828125,603.810302734375,0.9869490265846252
90,1209.1876220703125,217.05670166015625,0.9920479655265808,1180.832763671875,505.5213928222656,0.9870676398277283,1173.3782958984375,601.5293579101562,0.9953472018241882
91,1206.6239013671875,216.44094848632812,0.9947869777679443,1169.4427490234375,504.60015869140625,0.9982170462608337,1156.3929443359375,598.2847290039062,0.9981162548065186
92,1204.283935546875,216.04421997070312,0.9938613176345825,1157.3135986328125,502.20281982421875,0.9984501600265503,1140.416259765625,594.45947265625,0.9973579049110413
93,1200.7513427734375,216.03280639648438,0.9907528162002563,1145.782958984375,498.34063720703125,0.9939858317375183,1126.2296142578125,586.70751953125,0.9788413643836975
94,1198.7738037109375,216.00250244140625,0.9881446361541748,1135.1712646484375,493.2889404296875,0.9916675686836243,1112.9095458984375,586.7045288085938,0.9542589783668518
95,1196.701416015625,215.67196655273438,0.9894333481788635,1127.8963623046875,491.1299133300781,0.993933379650116,1104.59521484375,575.8096923828125,0.9554045796394348
96,1194.8931884765625,215.64707946777344,0.9890024662017822,1119.780029296875,488.88653564453125,0.9967883825302124,1094.176513671875,573.4246826171875,0.9815781116485596
97,1194.4986572265625,215.4757080078125,0.9879683256149292,1117.19677734375,484.2547912597656,0.9955651164054871,1090.0745849609375,571.7681884765625,0.9899423122406006
98,1194.18603515625,215.12298583984375,0.988938570022583,1117.19677734375,480.58575439453125,0.9959599375724792,1090.0745849609375,569.3753662109375,0.9951984286308289
99,1194.18603515625,214.9842071533203,0.9893821477890015,1117.19677734375,479.1165771484375,0.9944782257080078,1090.0745849609375,567.8849487304688,0.996455192565918
100,1194.18603515625,214.9842071533203,0.9889634847640991,1117.8609619140625,479.1165771484375,0.9938964247703552,1091.2392578125,567.0478515625,0.9959740042686462
101,1194.8387451171875,214.9842071533203,0.9851126074790955,1122.133544921875,479.1165771484375,0.9958926439285278,1098.8350830078125,566.0598754882812,0.9714149236679077
102,1194.839111328125,216.05364990234375,0.9856196641921997,1128.0494384765625,480.2027893066406,0.9960922598838806,1106.5458984375,565.1802978515625,0.9968177080154419
103,1196.774169921875,216.05364990234375,0.9859610795974731,1136.098876953125,481.50836181640625,0.9963665008544922,1119.0233154296875,563.2973022460938,0.9931401610374451
104,1198.41455078125,216.06027221679688,0.9852535128593445,1147.769287109375,481.93975830078125,0.9957919120788574,1132.564208984375,563.2973022460938,0.9864780902862549
105,1201.9161376953125,216.05364990234375,0.9913477301597595,1158.179931640625,485.4823303222656,0.9980826377868652,1145.80712890625,563.2973022460938,0.9890131950378418
106,1204.1080322265625,216.05364990234375,0.9942402839660645,1168.744384765625,488.9985656738281,0.9968851208686829,1161.153564453125,564.44384765625,0.992010772228241
107,1206.280029296875,216.3932647705078,0.9943577647209167,1181.11181640625,489.7687072753906,0.9900656938552856,1174.8072509765625,567.7388916015625,0.993533730506897
108,1208.857421875,216.3932647705078,0.9910956621170044,1195.4393310546875,492.3920593261719,0.9905303120613098,1190.852783203125,570.8446655273438,0.976095974445343
109,1211.2376708984375,216.3745574951172,0.9895055890083313,1205.8809814453125,495.6148986816406,0.9950960278511047,1209.579345703125,574.3339233398438,0.9403958916664124
110,1213.8548583984375,216.3745574951172,0.9882452487945557,1216.0599365234375,496.8986511230469,0.996588945388794,1222.0667724609375,580.096435546875,0.9935474991798401
111,1215.76416015625,216.0663299560547,0.9860531091690063,1227.4769287109375,497.5376892089844,0.9949401617050171,1233.2174072265625,586.0857543945312,0.9875941872596741
112,1217.5596923828125,214.89358520507812,0.9880510568618774,1233.0706787109375,501.4744567871094,0.998178243637085,1242.8094482421875,589.7040405273438,0.9736331701278687
113,1219.4732666015625,214.89358520507812,0.9923970103263855,1238.46240234375,502.5122375488281,0.9977666139602661,1248.4010009765625,596.5267944335938,0.9966461062431335
114,1220.7127685546875,214.79779052734375,0.9946569204330444,1243.8408203125,503.3863220214844,0.9900334477424622,1252.581787109375,599.9348754882812,0.9955785870552063
115,1220.8560791015625,214.79779052734375,0.9958655834197998,1243.8408203125,504.277099609375,0.989443838596344,1252.581787109375,602.538818359375,0.9858038425445557
116,1220.8560791015625,214.90048217773438,0.9953493475914001,1243.8408203125,505.0583801269531,0.9866047501564026,1252.581787109375,602.540283203125,0.9842001795768738
117,1220.8560791015625,214.9609832763672,0.994911253452301,1238.7279052734375,507.0673828125,0.9945257902145386,1247.7027587890625,604.0110473632812,0.9658647775650024
118,1220.5211181640625,215.18719482421875,0.9951706528663635,1233.890869140625,507.3948059082031,0.9942455887794495,1238.1243896484375,607.2451782226562,0.9932259917259216
119,1217.9287109375,215.62705993652344,0.9914659261703491,1226.1199951171875,507.40338134765625,0.9914864301681519,1229.0821533203125,607.2451782226562,0.974048376083374
120,1215.8402099609375,216.62860107421875,0.9877384901046753,1216.67822265625,507.3948059082031,0.9913438558578491,1215.198486328125,607.2451782226562,0.9857454299926758
121,1213.008544921875,216.62860107421875,0.9883190393447876,1205.0584716796875,507.3948059082031,0.992811381816864,1200.72705078125,606.7344360351562,0.9902023077011108
122,1211.1102294921875,216.62860107421875,0.9877991676330566,1191.99169921875,507.392822265625,0.9947191476821899,1185.0068359375,602.4292602539062,0.9920216202735901
123,1208.2386474609375,216.4793243408203,0.9941256046295166,1179.6915283203125,504.9488220214844,0.9890872240066528,1168.339111328125,600.594482421875,0.9963237047195435
124,1206.1026611328125,216.14602661132812,0.9952080845832825,1166.1015625,504.2253723144531,0.9952540397644043,1152.7213134765625,598.4946899414062,0.9974990487098694
125,1203.353515625,216.14602661132812,0.9935240745544434,1154.1416015625,501.8081359863281,0.9982056617736816,1137.7349853515625,593.0860595703125,0.9972358345985413
126,1200.3973388671875,216.1597137451172,0.9900879263877869,1143.5948486328125,497.3686828613281,0.9968904852867126,1124.443359375,586.12744140625,0.9841496348381042
127,1198.3751220703125,216.1597137451172,0.9870188236236572,1134.21240234375,492.3255310058594,0.9886353015899658,1110.953857421875,585.2182006835938,0.9811832904815674
128,1196.3377685546875,216.05807495117188,0.9883401393890381,1126.847900390625,491.9527587890625,0.9959949254989624,1104.1907958984375,575.05078125,0.9620901346206665
129,1195.0238037109375,216.05807495117188,0.9892438650131226,1120.741943359375,487.6316833496094,0.9982450008392334,1095.1947021484375,573.5672607421875,0.9722195863723755
130,1194.775146484375,215.81288146972656,0.986219584941864,1118.3623046875,482.9043273925781,0.995701014995575,1091.2900390625,571.5533447265625,0.9896959066390991
131,1194.627197265625,215.3530731201172,0.9862186312675476,1118.3623046875,479.8325500488281,0.9965969920158386,1091.2900390625,569.08544921875,0.9959216117858887
132,1194.2066650390625,215.18096923828125,0.986409068107605,1118.3623046875,479.7000427246094,0.9945251941680908,1091.2900390625,567.6846313476562,0.9962671399116516
133,1194.2066650390625,215.18096923828125,0.9849877953529358,1120.6187744140625,478.74114990234375,0.9949265718460083,1095.02392578125,566.742919921875,0.9865633249282837
134,1194.627197265625,215.18096923828125,0.9851415157318115,1124.6878662109375,478.74114990234375,0.9969475865364075,1102.6807861328125,566.4572143554688,0.9930056929588318
135,1195.96875,215.18096923828125,0.9861391186714172,1132.7481689453125,479.7000427246094,0.9943424463272095,1110.841064453125,564.7093505859375,0.9933421015739441
136,1197.885986328125,215.56207275390625,0.9863153100013733,1140.66650390625,481.73516845703125,0.9981574416160583,1123.97119140625,563.587890625,0.9960183501243591
137,1200.137451171875,215.8121795654297,0.988157331943512,1150.0029296875,483.8910217285156,0.9944868683815002,1136.34619140625,563.587890625,0.9963029623031616
138,1202.889892578125,215.8121795654297,0.9931786060333252,1161.3992919921875,486.2947998046875,0.9955381751060486,1150.997802734375,563.587890625,0.9928784966468811
139,1204.5487060546875,216.22206115722656,0.9946675300598145,1171.721435546875,489.219970703125,0.9972898960113525,1165.620849609375,565.0678100585938,0.9885836839675903
140,1207.1431884765625,216.25881958007812,0.9937620759010315,1183.6092529296875,491.4974365234375,0.9948331117630005,1180.9888916015625,567.2090454101562,0.9736104011535645
141,1209.3892822265625,216.38475036621094,0.9905279874801636,1197.809326171875,493.16070556640625,0.990760326385498,1195.41455078125,571.126220703125,0.906541645526886
142,1211.50537109375,216.38475036621094,0.9899080991744995,1207.62451171875,496.28509521484375,0.9946812987327576,1213.8331298828125,575.7005004882812,0.9593270421028137
143,1214.04541015625,216.38475036621094,0.9885501265525818,1217.5018310546875,497.2945556640625,0.99710613489151,1224.1649169921875,581.0156860351562,0.9917466640472412
144,1216.0396728515625,215.29701232910156,0.9862019419670105,1227.878173828125,498.5908508300781,0.9957292675971985,1234.3052978515625,587.5789794921875,0.9845922589302063
145,1217.48388671875,214.80113220214844,0.987697422504425,1233.386962890625,501.8287353515625,0.9983327984809875,1241.9674072265625,591.7257080078125,0.9850698709487915
146,1219.8477783203125,214.80113220214844,0.9931901097297668,1238.0106201171875,503.55670166015625,0.9982498288154602,1247.53955078125,598.0662231445312,0.9955620765686035
147,1220.6190185546875,214.80113220214844,0.9945898056030273,1239.7255859375,505.6226806640625,0.9936415553092957,1248.5556640625,601.8328247070312,0.9937081336975098
148,1220.6190185546875,214.80113220214844,0.9955279231071472,1239.7255859375,506.55987548828125,0.9894975423812866,1248.5556640625,603.412353515625,0.9885427951812744
149,1220.6190185546875,215.06771850585938,0.9954713582992554,1239.7255859375,506.72503662109375,0.9942646622657776,1248.5556640625,603.4131469726562,0.9708515405654907
150,1220.136962890625,215.35084533691406,0.9943137168884277,1236.407958984375,507.06390380859375,0.9952491521835327,1243.26806640625,606.5346069335938,0.9699065089225769
151,1219.721435546875,215.76783752441406,0.9941726326942444,1229.8050537109375,507.06390380859375,0.9889590740203857,1233.3004150390625,608.48828125,0.9959681034088135
152,1216.7762451171875,216.1857147216797,0.9879999756813049,1222.5780029296875,507.06390380859375,0.995983362197876,1222.195556640625,608.48828125,0.9922634363174438
153,1214.4310302734375,216.45372009277344,0.9884201288223267,1210.8065185546875,507.0245666503906,0.9712294936180115,1209.193603515625,608.48828125,0.9758110046386719
154,1212.908447265625,216.45372009277344,0.9879195690155029,1200.52392578125,507.0245666503906,0.991685688495636,1195.903076171875,603.6175537109375,0.936892032623291
155,1210.4722900390625,216.45372009277344,0.9898867011070251,1187.916015625,506.8775329589844,0.9961691498756409,1179.7838134765625,602.72509765625,0.9524642825126648
156,1208.040283203125,216.2826690673828,0.9931873083114624,1175.4285888671875,506.8775329589844,0.9974925518035889,1163.9759521484375,601.0792236328125,0.978735625743866
157,1205.77197265625,215.8390350341797,0.9950365424156189,1164.9263916015625,501.83380126953125,0.9924039244651794,1149.0789794921875,598.0850219726562,0.9932041168212891
158,1202.848388671875,215.8390350341797,0.9938061237335205,1151.662353515625,500.3287658691406,0.9966263771057129,1134.410888671875,591.9595947265625,0.9940553903579712
159,1200.703369140625,215.8390350341797,0.9920657277107239,1141.9259033203125,496.54205322265625,0.9964383840560913,1123.1119384765625,586.041015625,0.9850215315818787
160,1198.1468505859375,215.87245178222656,0.9868876338005066,1133.369873046875,491.8270568847656,0.9850135445594788,1110.5672607421875,584.1272583007812,0.9847906231880188
161,1196.9444580078125,216.0193328857422,0.9890393018722534,1126.6533203125,491.41741943359375,0.9971170425415039,1104.2960205078125,574.900146484375,0.9659440517425537
162,1194.8184814453125,216.0193328857422,0.9884657859802246,1121.2100830078125,487.3097229003906,0.998934805393219,1096.0977783203125,573.0690307617188,0.9552716612815857
163,1194.4666748046875,215.87245178222656,0.9849482178688049,1118.9298095703125,483.8334655761719,0.9979401230812073,1094.1568603515625,571.6448974609375,0.9816752076148987
164,1193.7950439453125,215.4539031982422,0.9835025668144226,1118.9298095703125,481.2208251953125,0.9953275918960571,1094.1568603515625,568.067626953125,0.9934873580932617
165,1193.7950439453125,215.38140869140625,0.9831352233886719,1118.9298095703125,480.4735412597656,0.9950609803199768,1094.1568603515625,567.461181640625,0.989391565322876
166,1194.4666748046875,215.38140869140625,0.9840021133422852,1122.85791015625,480.4735412597656,0.9974373579025269,1100.3404541015625,567.12890625,0.9839975833892822
167,1195.2537841796875,215.4539031982422,0.9865196943283081,1128.5330810546875,480.4735412597656,0.9939047694206238,1106.7933349609375,565.2315063476562,0.9969306588172913
168,1196.7149658203125,215.38140869140625,0.985146701335907,1134.5440673828125,480.7028503417969,0.9928961396217346,1117.8955078125,563.1875610351562,0.9890705347061157
169,1197.9456787109375,215.56593322753906,0.9861463904380798,1144.597900390625,482.3804931640625,0.9970292448997498,1128.891357421875,563.1875610351562,0.9884218573570251
170,1200.877685546875,215.69488525390625,0.9895719289779663,1154.4803466796875,484.8570556640625,0.998404324054718,1141.7420654296875,563.1875610351562,0.9964274764060974
171,1203.4117431640625,215.80870056152344,0.9933792352676392,1166.589111328125,485.4350280761719,0.9918981790542603,1154.739501953125,563.9511108398438,0.9968799352645874
172,1205.1361083984375,215.95594787597656,0.9938682913780212,1176.2073974609375,489.24163818359375,0.9949722290039062,1169.96142578125,566.1071166992188,0.9947828650474548
173,1207.6929931640625,216.4923095703125,0.9929895401000977,1188.4345703125,490.85772705078125,0.9963645339012146,1184.1309814453125,568.145263671875,0.9853740930557251
174,1209.9278564453125,216.29049682617188,0.9882085919380188,1198.9671630859375,493.0927429199219,0.9931939840316772,1199.19189453125,571.9845581054688,0.946782648563385
175,1212.142333984375,216.29049682617188,0.9899157881736755,1209.5911865234375,495.8658752441406,0.9898019433021545,1213.974609375,577.5897216796875,0.9706465601921082
176,1214.2745361328125,216.29049682617188,0.9882370829582214,1218.6153564453125,498.2518310546875,0.9973645806312561,1225.414794921875,582.3458251953125,0.989263117313385
177,1216.1077880859375,215.4521942138672,0.9851522445678711,1228.4034423828125,499.7367858886719,0.9953230023384094,1235.1773681640625,587.2646484375,0.9837364554405212
178,1217.34814453125,215.15843200683594,0.9877656698226929,1233.028564453125,503.2117004394531,0.9979974627494812,1241.4219970703125,594.1245727539062,0.9921276569366455
179,1219.8072509765625,215.0693359375,0.992554247379303,1236.9508056640625,504.290283203125,0.9986804127693176,1246.6148681640625,600.0869750976562,0.9920256733894348
180,1220.2255859375,215.0693359375,0.9949414134025574,1236.9508056640625,506.2300109863281,0.9967507123947144,1246.6148681640625,602.4135131835938,0.9889388084411621
181,1220.2255859375,215.0693359375,0.9950661659240723,1236.9508056640625,507.1817321777344,0.9962691068649292,1246.6148681640625,603.851806640625,0.9793224930763245
182,1220.2255859375,215.10693359375,0.9948883652687073,1236.6458740234375,507.31182861328125,0.9960057139396667,1244.7950439453125,605.7536010742188,0.963027834892273
183,1219.4462890625,215.7707977294922,0.9930282235145569,1233.1741943359375,507.8297424316406,0.9941699504852295,1237.3043212890625,609.2411499023438,0.9949583411216736
184,1218.3182373046875,216.2085723876953,0.9912583231925964,1226.1392822265625,507.88128662109375,0.991201639175415,1229.83544921875,609.2411499023438,0.9802461266517639
185,1215.4149169921875,217.0838623046875,0.9886043071746826,1218.1905517578125,507.8297424316406,0.9934654831886292,1217.7568359375,609.2411499023438,0.9944441914558411
186,1214.0316162109375,217.0838623046875,0.9882786273956299,1208.489990234375,507.8297424316406,0.9895957112312317,1203.39306640625,607.504150390625,0.9938560128211975
187,1211.7508544921875,217.0838623046875,0.9880589842796326,1195.4979248046875,506.1550598144531,0.9817138314247131,1190.3350830078125,603.3658447265625,0.9767628312110901
188,1209.3631591796875,216.57122802734375,0.9914036393165588,1183.6641845703125,505.94744873046875,0.9925251007080078,1175.5499267578125,602.7423706054688,0.9887436628341675
189,1207.466796875,216.4176025390625,0.994484007358551,1171.6871337890625,505.8941650390625,0.9984936714172363,1160.1156005859375,600.5979614257812,0.9942183494567871
190,1204.63720703125,216.0509490966797,0.9941763877868652,1161.468994140625,503.0812072753906,0.9970297813415527,1145.9835205078125,595.3577270507812,0.9897152781486511
191,1202.8663330078125,216.0509490966797,0.9937438368797302,1151.35009765625,497.7272033691406,0.9909605383872986,1131.642822265625,591.8660278320312,0.9768140912055969
192,1200.0716552734375,216.02786254882812,0.9891977906227112,1140.1829833984375,496.15875244140625,0.99614018201828,1120.289794921875,586.2202758789062,0.988454282283783
193,1197.7952880859375,216.02786254882812,0.98698890209198,1133.006591796875,490.95965576171875,0.9814181923866272,1110.1376953125,582.6438598632812,0.9911221265792847
194,1196.2816162109375,216.1111297607422,0.9889877438545227,1126.927978515625,490.55303955078125,0.9972057938575745,1104.43798828125,573.9535522460938,0.9639423489570618
195,1194.29833984375,216.1111297607422,0.9870036244392395,1122.254150390625,487.0622253417969,0.9990116357803345,1097.8492431640625,573.439453125,0.9300310015678406
196,1193.9407958984375,216.03680419921875,0.9867108464241028,1121.7879638671875,483.4010925292969,0.9983695149421692,1097.8492431640625,569.3435668945312,0.9563202857971191
197,1193.9407958984375,216.03680419921875,0.9842202067375183,1121.7879638671875,481.3244934082031,0.9970819354057312,1097.8492431640625,569.0389404296875,0.9749208688735962
198,1193.9407958984375,215.92701721191406,0.9845123291015625,1121.7879638671875,480.30767822265625,0.9973065853118896,1099.25439453125,567.9210815429688,0.9701651930809021
199,1194.9288330078125,215.88565063476562,0.985630989074707,1126.3468017578125,480.30767822265625,0.9965465664863586,1104.3714599609375,566.7528686523438,0.9960408210754395
200,1195.94189453125,215.6527099609375,0.9865568280220032,1133.1094970703125,480.30767822265625,0.9937840700149536,1111.7515869140625,563.8211669921875,0.9901199340820312
201,1197.2215576171875,215.6527099609375,0.9866734743118286,1139.4705810546875,480.74652099609375,0.9972956776618958,1122.277587890625,563.3114624023438,0.9961431622505188
202,1199.6689453125,215.8734893798828,0.986102819442749,1149.3585205078125,481.3673400878906,0.9954741597175598,1134.355712890625,563.3114624023438,0.9917830228805542
203,1201.74951171875,215.7909393310547,0.9916898012161255,1158.6553955078125,484.4706726074219,0.9978038668632507,1146.9923095703125,563.3114624023438,0.9823743104934692
204,1204.1871337890625,215.8734893798828,0.9946644306182861,1168.5289306640625,487.5083312988281,0.9967395663261414,1160.0181884765625,564.8726806640625,0.994118332862854
205,1205.7037353515625,216.01165771484375,0.9951286315917969,1181.4111328125,487.7460632324219,0.990809440612793,1172.945068359375,566.2996826171875,0.9956828355789185
206,1208.3284912109375,216.22410583496094,0.9930994510650635,1191.387939453125,492.1419982910156,0.9965805411338806,1188.28173828125,569.0492553710938,0.9887751340866089
207,1210.343017578125,216.61373901367188,0.9875439405441284,1201.4716796875,495.36248779296875,0.9970679879188538,1202.1778564453125,572.9161376953125,0.9602009057998657
208,1212.428955078125,216.61373901367188,0.9903262257575989,1210.79052734375,496.1920166015625,0.9881308078765869,1216.1934814453125,578.3038940429688,0.9887485504150391
209,1214.6029052734375,216.61373901367188,0.9881927371025085,1220.373046875,499.37066650390625,0.9984967708587646,1226.5775146484375,583.879638671875,0.982192873954773
210,1216.3897705078125,215.5520477294922,0.9863839745521545,1228.6546630859375,500.28497314453125,0.9947968125343323,1233.8760986328125,590.2371826171875,0.9913937449455261
211,1217.158203125,215.3454132080078,0.9886005520820618,1232.515380859375,503.3023681640625,0.9976270794868469,1240.282470703125,595.954833984375,0.995252251625061
212,1219.6170654296875,215.26951599121094,0.9934159517288208,1235.8585205078125,505.57342529296875,0.9976648092269897,1244.03466796875,601.1279296875,0.9791288375854492
213,1219.7498779296875,215.26951599121094,0.9942690134048462,1235.8585205078125,507.0354919433594,0.9970542192459106,1244.03466796875,604.4736938476562,0.9578470587730408
214,1219.7498779296875,215.26951599121094,0.9952614903450012,1235.8585205078125,507.12164306640625,0.9959530830383301,1244.03466796875,605.4048461914062,0.9593831300735474
215,1219.7498779296875,215.46063232421875,0.9934675097465515,1234.7581787109375,507.134033203125,0.9948150515556335,1239.0001220703125,608.5015869140625,0.9895958304405212
216,1218.641845703125,215.98777770996094,0.9914140701293945,1229.083984375,507.134033203125,0.9861582517623901,1232.5570068359375,608.5015869140625,0.9942491054534912
217,1216.1201171875,217.01565551757812,0.9869084358215332,1222.453125,507.134033203125,0.9960389137268066,1223.453857421875,608.5015869140625,0.989462673664093
218,1214.3975830078125,217.05947875976562,0.9887260794639587,1212.2332763671875,507.44769287109375,0.9676947593688965,1211.360107421875,608.1788330078125,0.972254753112793
219,1213.235107421875,217.05947875976562,0.9897122383117676,1203.2684326171875,507.44769287109375,0.9936662316322327,1198.212890625,607.8720703125,0.9824336767196655
220,1211.31591796875,217.01565551757812,0.987868070602417,1191.91162109375,506.68609619140625,0.9956140518188477,1184.8172607421875,603.4048461914062,0.983035683631897
221,1209.065673828125,216.6949005126953,0.9927247166633606,1180.4154052734375,505.497802734375,0.9890060424804688,1170.6279296875,601.4685668945312,0.9947916865348816
222,1206.353759765625,216.41574096679688,0.9947532415390015,1168.2044677734375,504.8615417480469,0.997880220413208,1155.8170166015625,598.86474609375,0.9980875849723816
223,1204.5821533203125,216.13836669921875,0.9946742057800293,1158.1192626953125,502.1507263183594,0.9984151124954224,1141.6585693359375,594.0685424804688,0.9964674711227417
224,1202.01123046875,216.13836669921875,0.9935465455055237,1149.090576171875,497.1982421875,0.993718147277832,1129.2867431640625,586.4757080078125,0.9552322626113892
225,1199.9615478515625,216.25448608398438,0.9880222082138062,1140.115966796875,493.8488464355469,0.9958807229995728,1118.8505859375,585.990966796875,0.989775538444519
226,1197.6737060546875,216.09994506835938,0.9864031076431274,1133.1146240234375,490.7447814941406,0.9847584962844849,1109.7894287109375,581.9747314453125,0.99319988489151
227,1195.89892578125,216.25448608398438,0.9880984425544739,1127.1810302734375,490.48345947265625,0.9975117444992065,1105.4136962890625,573.3189086914062,0.9739571213722229
228,1194.6839599609375,216.25448608398438,0.9871826171875,1123.7086181640625,485.9063720703125,0.9991401433944702,1099.982666015625,572.4493408203125,0.9227385520935059
229,1194.6839599609375,216.09994506835938,0.9854169487953186,1123.7086181640625,483.47149658203125,0.9989759922027588,1099.982666015625,569.799560546875,0.9430580735206604
230,1194.6839599609375,216.00242614746094,0.9854283928871155,1123.7086181640625,481.5186767578125,0.9984208345413208,1099.982666015625,568.859375,0.9783715009689331
231,1194.8475341796875,215.846923828125,0.9838261008262634,1125.3785400390625,479.63458251953125,0.9970605969429016,1103.3829345703125,567.514404296875,0.9949592351913452
232,1195.7198486328125,215.7386932373047,0.9852708578109741,1131.18115234375,479.63458251953125,0.991146981716156,1109.0439453125,564.208251953125,0.9957691431045532
233,1196.8590087890625,215.72802734375,0.9860593676567078,1136.6483154296875,479.63458251953125,0.992790699005127,1118.6285400390625,562.9515380859375,0.990490198135376
234,1197.76025390625,215.846923828125,0.9851714968681335,1143.7672119140625,480.9415588378906,0.9968100190162659,1128.385009765625,562.9515380859375,0.9901240468025208
235,1200.54296875,215.72802734375,0.9904227256774902,1152.3258056640625,482.812255859375,0.9965523481369019,1138.7437744140625,562.9515380859375,0.9973288774490356
236,1202.6427001953125,215.71701049804688,0.9933419823646545,1163.8575439453125,483.6092529296875,0.9946953654289246,1151.983642578125,563.7186279296875,0.9948033690452576
237,1204.77099609375,215.71701049804688,0.9951070547103882,1171.923583984375,487.6708984375,0.9978641867637634,1165.3060302734375,564.82275390625,0.9875734448432922
238,1206.6214599609375,215.8562469482422,0.9949204325675964,1182.1488037109375,489.9217224121094,0.9948940277099609,1178.1248779296875,567.580322265625,0.9859763383865356
239,1209.125244140625,216.02896118164062,0.9921523928642273,1195.490234375,492.2330017089844,0.9919748902320862,1190.59716796875,570.18603515625,0.9818196296691895
240,1210.852783203125,216.74575805664062,0.9885257482528687,1203.7921142578125,495.794189453125,0.9970589876174927,1206.5194091796875,573.2003173828125,0.9641956090927124
241,1212.5325927734375,216.74575805664062,0.9898174405097961,1212.9305419921875,497.9009704589844,0.989744246006012,1218.0443115234375,580.0626220703125,0.9946186542510986
242,1214.602294921875,216.74575805664062,0.9887620806694031,1221.15185546875,500.9583740234375,0.9986705780029297,1227.7066650390625,585.8389282226562,0.9642348885536194
243,1216.372314453125,215.7559051513672,0.9843584299087524,1228.5189208984375,501.4000244140625,0.9949552416801453,1233.1143798828125,593.4812622070312,0.995771586894989
244,1217.699462890625,215.7398681640625,0.9880280494689941,1231.7825927734375,504.1079406738281,0.9970735311508179,1239.3902587890625,598.1275024414062,0.9955406785011292
245,1219.3798828125,215.49343872070312,0.9912556409835815,1234.4237060546875,505.5964050292969,0.9966030120849609,1240.1492919921875,601.5870971679688,0.9664203524589539
246,1219.3798828125,215.49343872070312,0.9930739402770996,1234.4237060546875,506.5316162109375,0.9964622855186462,1240.1492919921875,604.2394409179688,0.9444654583930969
247,1219.3798828125,215.49343872070312,0.9944471120834351,1234.4237060546875,507.0442810058594,0.9940155744552612,1240.1492919921875,607.3598022460938,0.9802916049957275
248,1219.0679931640625,215.5858917236328,0.9928684830665588,1231.27978515625,507.205322265625,0.9918954968452454,1234.4630126953125,608.3336181640625,0.9967876672744751
249,1217.116943359375,216.5756378173828,0.9888321161270142,1225.49951171875,508.0643615722656,0.9932617545127869,1228.899169921875,608.9300537109375,0.9775110483169556
250,1215.0589599609375,217.1427764892578,0.9856309294700623,1218.2255859375,508.0643615722656,0.9931673407554626,1218.274169921875,608.9300537109375,0.9959539175033569
251,1213.993896484375,217.1427764892578,0.9886682629585266,1209.41845703125,508.0643615722656,0.9859870076179504,1205.7562255859375,608.3336181640625,0.9933363199234009
252,1212.083984375,217.1427764892578,0.9873962998390198,1198.6680908203125,507.3328552246094,0.983867883682251,1192.1934814453125,607.0387573242188,0.9763997793197632
253,1210.7940673828125,216.7702178955078,0.9880654215812683,1187.1907958984375,507.3187255859375,0.9956491589546204,1179.024169921875,603.1260375976562,0.9296190142631531
254,1207.8958740234375,216.12940979003906,0.9948530793190002,1176.30517578125,507.3134460449219,0.9970536231994629,1164.88037109375,602.9818725585938,0.9731509685516357
255,1205.6988525390625,216.08712768554688,0.995049774646759,1166.680908203125,502.45068359375,0.9927543997764587,1151.8106689453125,599.4735107421875,0.9961466789245605
256,1203.8448486328125,215.92349243164062,0.9944856762886047,1155.025634765625,502.0207824707031,0.9983596205711365,1138.7591552734375,593.2156982421875,0.997130811214447
257,1201.1160888671875,216.08712768554688,0.9923965334892273,1146.95703125,495.43084716796875,0.9929342269897461,1127.1585693359375,585.9721069335938,0.9752819538116455
258,1199.5557861328125,216.12940979003906,0.9856603145599365,1138.6715087890625,492.9879150390625,0.9956600069999695,1118.241943359375,585.2767944335938,0.988994300365448
259,1197.3177490234375,216.34300231933594,0.9865923523902893,1132.92578125,490.2585144042969,0.9862006306648254,1109.904541015625,580.9312133789062,0.9932819604873657
260,1196.0670166015625,216.36233520507812,0.9872624278068542,1127.7718505859375,489.70977783203125,0.9975783228874207,1105.7454833984375,573.1826171875,0.9738636016845703
261,1194.7470703125,216.36233520507812,0.9868934154510498,1125.4305419921875,485.1014709472656,0.9990257024765015,1103.0234375,572.45361328125,0.9726242423057556
262,1194.7470703125,216.34300231933594,0.9862772822380066,1125.4305419921875,482.8331298828125,0.9989655017852783,1103.0234375,569.9562377929688,0.9883620142936707
263,1194.7470703125,216.2189178466797,0.9848312139511108,1125.4305419921875,480.592041015625,0.9976773858070374,1103.0234375,568.6019287109375,0.994317352771759
264,1195.8153076171875,216.06289672851562,0.9859138131141663,1129.08251953125,480.3061218261719,0.9930879473686218,1106.5675048828125,566.525146484375,0.996969997882843
265,1196.224853515625,216.03799438476562,0.985098123550415,1134.241943359375,479.7558898925781,0.9921159148216248,1116.083740234375,562.6019287109375,0.972348153591156
266,1197.4954833984375,215.5354461669922,0.9860302805900574,1140.1220703125,479.7558898925781,0.9968696236610413,1122.89453125,562.6019287109375,0.9957655668258667
267,1199.6776123046875,215.5354461669922,0.9861037135124207,1148.9259033203125,480.3061218261719,0.9948315024375916,1133.564208984375,562.6019287109375,0.9901868104934692
268,1201.3358154296875,215.43276977539062,0.9917667508125305,1157.1287841796875,483.2096862792969,0.9980034232139587,1144.6319580078125,563.2955932617188,0.9920812845230103
269,1203.52490234375,215.43276977539062,0.9944926500320435,1166.0269775390625,485.5700988769531,0.9936026930809021,1156.2960205078125,564.3203735351562,0.9968087077140808
270,1205.255615234375,215.53060913085938,0.9948217868804932,1176.398681640625,488.4286193847656,0.9956446886062622,1170.1995849609375,565.827392578125,0.9954249262809753
271,1207.212646484375,216.03089904785156,0.9941536784172058,1185.34716796875,492.05279541015625,0.9962888956069946,1183.03515625,567.6709594726562,0.9865885376930237
272,1209.6053466796875,216.2220001220703,0.9906941056251526,1197.7384033203125,493.12060546875,0.9907044768333435,1196.24560546875,572.1155395507812,0.9020073413848877
273,1211.1585693359375,216.5242462158203,0.9895778894424438,1206.6329345703125,496.9151306152344,0.9964639544487,1210.0457763671875,576.2960205078125,0.9459245204925537
274,1213.0316162109375,216.5242462158203,0.9900574088096619,1213.9759521484375,498.92364501953125,0.9946993589401245,1219.4837646484375,581.7093505859375,0.9956302642822266
275,1214.7825927734375,216.5242462158203,0.9887535572052002,1221.610595703125,500.9710388183594,0.9984855055809021,1228.3607177734375,587.5680541992188,0.9438460469245911
276,1216.4437255859375,216.02493286132812,0.9856370091438293,1228.3922119140625,502.0394592285156,0.9943655729293823,1232.44677734375,596.35693359375,0.9961947202682495
277,1216.8880615234375,216.00588989257812,0.9857611060142517,1230.6380615234375,504.8933410644531,0.9955528378486633,1237.944580078125,600.2259521484375,0.9960523843765259
278,1218.9342041015625,216.00341796875,0.9916444420814514,1231.6802978515625,506.01708984375,0.9954788088798523,1237.944580078125,603.0202026367188,0.9756990671157837
279,1218.9342041015625,215.90528869628906,0.992062509059906,1231.6802978515625,506.7276611328125,0.9928033947944641,1237.944580078125,607.0845947265625,0.9832686185836792
280,1218.9342041015625,215.90528869628906,0.9929981231689453,1231.6802978515625,507.1582336425781,0.9918249249458313,1235.4130859375,609.188232421875,0.9960194230079651
281,1218.6298828125,216.00341796875,0.9929197430610657,1227.2608642578125,507.6334228515625,0.9832779765129089,1230.556884765625,609.188232421875,0.9872690439224243
282,1216.509033203125,216.42218017578125,0.9866166114807129,1221.8397216796875,507.9449462890625,0.9961150884628296,1222.6243896484375,609.188232421875,0.9936262369155884
283,1214.3238525390625,216.54563903808594,0.98874831199646,1213.1087646484375,507.9449462890625,0.9658335447311401,1211.705322265625,608.7501220703125,0.9780314564704895
284,1213.6619873046875,216.9068145751953,0.9892691969871521,1204.565185546875,507.6334228515625,0.9926291704177856,1200.0076904296875,608.3333129882812,0.9935261011123657
285,1210.9534912109375,216.9068145751953,0.988980770111084,1194.3291015625,507.5609436035156,0.9875397682189941,1187.18701171875,605.7037963867188,0.9864912033081055
286,1210.1142578125,216.54563903808594,0.9904720783233643,1182.9091796875,506.4406433105469,0.9888023734092712,1174.1060791015625,604.2515258789062,0.9791023135185242
287,1206.6971435546875,216.14358520507812,0.9951478838920593,1171.97607421875,506.2054443359375,0.9982761144638062,1160.9652099609375,602.9058227539062,0.9800697565078735
288,1205.060546875,215.7584991455078,0.9950089454650879,1162.6009521484375,503.6958312988281,0.9941410422325134,1147.8548583984375,598.4170532226562,0.9854599833488464
289,1203.547607421875,215.7584991455078,0.995324969291687,1152.047607421875,500.7574462890625,0.9971505999565125,1135.1890869140625,591.8428344726562,0.9943292737007141
290,1201.175048828125,215.78921508789062,0.9923466444015503,1144.6068115234375,496.97015380859375,0.995094895362854,1125.062744140625,587.3463745117188,0.9887237548828125
291,1199.6112060546875,215.7818603515625,0.9867029190063477,1137.633056640625,492.394775390625,0.9942471981048584,1116.929931640625,585.7747802734375,0.9827585816383362
292,1197.301513671875,215.78921508789062,0.9882690906524658,1132.9541015625,489.5882873535156,0.990502119064331,1109.917236328125,580.1038208007812,0.9934685230255127
293,1196.1829833984375,215.91778564453125,0.9894015192985535,1128.861083984375,488.58538818359375,0.9973410964012146,1106.6341552734375,572.8299560546875,0.9817019701004028
294,1195.6136474609375,215.91778564453125,0.9887996912002563,1128.79833984375,485.1236572265625,0.9987999200820923,1106.59423828125,571.0343017578125,0.9910458922386169
295,1195.6136474609375,215.9154815673828,0.9857921600341797,1128.79833984375,482.5755920410156,0.9982892870903015,1106.59423828125,569.1771240234375,0.9951815009117126
296,1195.6136474609375,215.9154815673828,0.9855495095252991,1128.79833984375,481.0060729980469,0.995927631855011,1106.59423828125,567.4742431640625,0.9967637062072754
297,1196.2362060546875,215.6785125732422,0.985162079334259,1133.260009765625,481.0060729980469,0.9940576553344727,1112.5400390625,563.73046875,0.9878007173538208
298,1197.068359375,215.4351806640625,0.9862396121025085,1138.312255859375,481.0060729980469,0.9942609071731567,1119.5570068359375,563.1538696289062,0.9940014481544495
299,1197.84326171875,215.4351806640625,0.9862191081047058,1144.3306884765625,481.04248046875,0.9961152076721191,1128.493408203125,562.99462890625,0.9894751310348511
300,1200.1783447265625,215.4351806640625,0.9890202879905701,1151.9075927734375,481.64154052734375,0.994494616985321,1138.0130615234375,562.99462890625,0.997340738773346
301,1202.45849609375,215.7151336669922,0.9928551316261292,1161.2208251953125,484.09503173828125,0.9959478974342346,1149.9739990234375,563.1538696289062,0.990250289440155
302,1204.3189697265625,215.7151336669922,0.9943999648094177,1170.666015625,486.26812744140625,0.9979514479637146,1162.037109375,563.7276000976562,0.9883401393890381
303,1205.900634765625,215.96566772460938,0.9947552680969238,1181.7921142578125,486.9779357910156,0.9911550283432007,1173.249755859375,566.5779418945312,0.9956448078155518
304,1208.0439453125,216.06997680664062,0.9940580129623413,1191.4127197265625,491.3706970214844,0.9967267513275146,1186.8853759765625,568.4884033203125,0.9906055331230164
305,1210.15625,216.36431884765625,0.9895087480545044,1199.628662109375,493.4736633300781,0.9946416616439819,1199.1085205078125,572.109619140625,0.9521912932395935
306,1211.7352294921875,216.57559204101562,0.9899654388427734,1207.895263671875,497.478271484375,0.9957168698310852,1214.0126953125,575.6170043945312,0.9621388912200928
307,1213.76953125,216.57559204101562,0.9901446104049683,1215.1044921875,500.046142578125,0.9970195889472961,1221.4310302734375,582.76611328125,0.9953324198722839
308,1214.9417724609375,216.57559204101562,0.9880207180976868,1221.943603515625,502.23114013671875,0.9984235763549805,1229.72265625,587.920654296875,0.9514970183372498
309,1216.6982421875,216.07945251464844,0.9854567646980286,1228.041015625,502.8089294433594,0.9932237863540649,1232.0906982421875,598.32666015625,0.995359480381012
310,1217.113525390625,215.67552185058594,0.9890157580375671,1229.62255859375,505.87286376953125,0.9920700192451477,1235.1884765625,602.9757080078125,0.9917629957199097
311,1218.1861572265625,215.45191955566406,0.9917755126953125,1229.62255859375,506.2772521972656,0.9918495416641235,1235.1884765625,606.9835205078125,0.9920349717140198
312,1218.1861572265625,215.45191955566406,0.9925934672355652,1229.62255859375,506.5987854003906,0.9914939403533936,1235.1884765625,608.0265502929688,0.9957455992698669
313,1218.1861572265625,215.67552185058594,0.9920507073402405,1227.6971435546875,506.8221130371094,0.978984534740448,1231.5093994140625,608.657958984375,0.9909279942512512
314,1216.6851806640625,216.54318237304688,0.9869966506958008,1223.8072509765625,508.0976257324219,0.9946570992469788,1225.413818359375,609.8463134765625,0.9752135872840881
315,1215.136962890625,216.7872314453125,0.9875024557113647,1217.318359375,508.0976257324219,0.9920452833175659,1216.61865234375,609.8463134765625,0.9945800304412842
316,1214.143798828125,216.7872314453125,0.9887765049934387,1209.410400390625,508.0976257324219,0.988214373588562,1205.526611328125,608.0265502929688,0.9945652484893799
317,1212.4278564453125,216.7872314453125,0.9884210824966431,1199.7183837890625,507.8513488769531,0.9913100004196167,1194.210693359375,607.0830078125,0.966525137424469
318,1210.77001953125,216.47572326660156,0.9889647960662842,1189.603759765625,507.697509765625,0.9962037205696106,1181.4495849609375,607.0689697265625,0.9607440829277039
319,1208.6025390625,216.26605224609375,0.9931526184082031,1179.3465576171875,505.7306213378906,0.9883146286010742,1168.511962890625,603.1217041015625,0.988405704498291
320,1206.0552978515625,215.87001037597656,0.9952365756034851,1168.31787109375,505.5433349609375,0.9976321458816528,1156.1456298828125,601.046630859375,0.9954747557640076
321,1204.6654052734375,215.65744018554688,0.995642900466919,1159.385009765625,503.15960693359375,0.9978671073913574,1143.8692626953125,595.2198486328125,0.9944387674331665
322,1202.4981689453125,215.65744018554688,0.9950709342956543,1151.4891357421875,497.9540100097656,0.9907801747322083,1132.551513671875,591.623779296875,0.9818053841590881
323,1200.607177734375,215.65744018554688,0.9926464557647705,1142.68310546875,496.0850524902344,0.9964349269866943,1123.7073974609375,585.9999389648438,0.9929201006889343
324,1198.4630126953125,216.23794555664062,0.9867352247238159,1136.7640380859375,491.98779296875,0.9939947724342346,1115.6470947265625,581.5597534179688,0.9777829051017761
325,1197.1016845703125,216.3416290283203,0.9862268567085266,1133.0821533203125,488.95965576171875,0.9920584559440613,1110.4644775390625,578.45947265625,0.9923203587532043
326,1196.0108642578125,216.40565490722656,0.9874366521835327,1129.8385009765625,487.752685546875,0.9968739748001099,1108.4437255859375,571.4913330078125,0.9848054051399231
327,1196.0108642578125,216.40565490722656,0.986588180065155,1129.8385009765625,484.0896301269531,0.9975190162658691,1108.4437255859375,571.2933959960938,0.9907119870185852
328,1196.0108642578125,216.23794555664062,0.9851464629173279,1129.8385009765625,482.2507629394531,0.9960339665412903,1108.4437255859375,568.2843627929688,0.9963616728782654
329,1196.1734619140625,216.13548278808594,0.9863823652267456,1132.7296142578125,479.98834228515625,0.9953813552856445,1110.8916015625,565.2704467773438,0.9937170743942261
330,1196.9356689453125,215.72837829589844,0.9859382510185242,1136.815185546875,479.5699768066406,0.9935060739517212,1118.3841552734375,563.4293212890625,0.9910128712654114
331,1197.650390625,215.47561645507812,0.9853219985961914,1141.533203125,479.5699768066406,0.9958122372627258,1125.2437744140625,563.2403564453125,0.9959445595741272
332,1199.7041015625,215.47561645507812,0.9860187768936157,1149.3323974609375,479.98834228515625,0.9938291907310486,1134.20703125,563.2403564453125,0.9915762543678284
333,1201.31005859375,215.4302215576172,0.9916595816612244,1156.817626953125,482.0593566894531,0.9976810216903687,1144.1181640625,563.2403564453125,0.9935949444770813
334,1203.2373046875,215.4302215576172,0.9943661689758301,1166.624755859375,483.31549072265625,0.9934531450271606,1154.934814453125,564.1994018554688,0.9968001842498779
335,1204.8551025390625,215.5730438232422,0.9945825934410095,1173.636962890625,487.0108337402344,0.9979807734489441,1167.0928955078125,564.5680541992188,0.9911642670631409
336,1206.910888671875,215.71234130859375,0.9948610663414001,1183.0670166015625,489.5863342285156,0.9960210919380188,1180.033447265625,566.8333740234375,0.9763451218605042
337,1208.8450927734375,215.71234130859375,0.993110179901123,1194.7369384765625,492.05364990234375,0.9891816973686218,1190.57080078125,570.5691528320312,0.9839771389961243
338,1210.60693359375,216.4390106201172,0.9881260395050049,1201.2061767578125,494.496337890625,0.9968279004096985,1202.6063232421875,572.7858276367188,0.9681082963943481
339,1212.269287109375,216.78309631347656,0.9910386204719543,1208.950927734375,498.4735412597656,0.991851270198822,1214.391357421875,578.68701171875,0.9839503765106201
340,1213.838134765625,216.78309631347656,0.9899234175682068,1216.4605712890625,500.8451843261719,0.997562050819397,1222.62109375,584.296142578125,0.9946540594100952
341,1213.838134765625,216.78309631347656,0.9882927536964417,1216.4605712890625,500.8451843261719,0.9983056783676147,1222.62109375,584.296142578125,0.9714323878288269
342,1213.838134765625,216.13560485839844,0.9875050783157349,1216.4605712890625,500.8451843261719,0.9883548021316528,1222.62109375,584.296142578125,0.9860137701034546
343,0.0,0.0,0.0,0.0,0.0,0.0,0.0,0.0,0.0
