# lab_reference_pose,calpic01
pose_key,cam_str,img_w,img_h,corner_0_x,corner_0_y,corner_1_x,corner_1_y,corner_2_x,corner_2_y,corner_3_x,corner_3_y,corner_4_x,corner_4_y,corner_5_x,corner_5_y,corner_6_x,corner_6_y,corner_7_x,corner_7_y,corner_8_x,corner_8_y,corner_9_x,corner_9_y,corner_10_x,corner_10_y,corner_11_x,corner_11_y,corner_12_x,corner_12_y,corner_13_x,corner_13_y,corner_14_x,corner_14_y,corner_15_x,corner_15_y,corner_16_x,corner_16_y,corner_17_x,corner_17_y,corner_18_x,corner_18_y,corner_19_x,corner_19_y
calpic01,Cam2,1920,1080,839.371,425.771,907.734,420.541,973.932,415.197,1038.099,410.220,1100.311,405.232,837.752,494.181,905.254,487.961,970.190,481.546,1033.536,475.771,1094.882,469.890,836.829,561.111,903.114,553.485,967.805,546.796,1031.233,540.580,1092.396,534.298,836.564,626.297,901.992,618.140,965.809,610.341,1028.146,602.950,1088.245,595.783
calpic01,Cam3,1920,1080,839.713,449.967,888.302,456.905,938.449,464.307,990.417,471.435,1043.531,479.429,840.706,501.637,888.452,509.545,938.239,517.237,988.996,525.563,1041.731,534.284,840.768,552.734,888.144,561.012,936.654,569.875,986.538,579.407,1037.794,588.834,840.169,603.003,887.159,611.992,935.151,621.501,984.484,631.530,1035.600,641.605
calpic02,Cam2,1920,1080,573.520,505.389,656.920,492.876,735.488,481.659,809.199,470.419,878.689,460.281,575.042,587.264,657.110,572.542,733.851,559.057,806.733,546.066,875.280,533.793,577.307,667.257,657.692,650.200,734.215,634.898,806.949,620.870,875.495,607.530,580.249,745.274,659.422,726.578,734.676,709.211,806.218,693.194,873.225,677.611
calpic02,Cam3,1920,1080,555.988,448.605,608.563,453.737,662.148,459.085,716.541,464.394,771.550,469.761,559.496,502.140,611.314,507.745,664.471,513.284,717.800,519.254,772.280,525.039,562.222,555.076,613.561,560.851,665.428,566.939,717.617,573.636,770.852,580.350,564.012,607.053,614.706,613.262,666.077,619.893,718.143,626.617,770.966,633.402
calpic03,Cam2,1920,1080,515.362,449.527,597.467,450.869,679.120,452.674,759.657,453.812,839.375,455.492,521.529,523.878,602.238,525.348,682.333,526.144,761.387,527.552,839.592,528.762,526.900,596.667,606.263,597.380,684.705,598.752,762.464,600.168,839.417,602.045,531.369,668.096,609.359,668.769,686.835,669.601,763.477,670.625,839.474,671.769
calpic03,Cam3,1920,1080,637.588,423.891,666.276,432.962,696.472,442.371,728.871,452.326,762.550,462.736,641.588,473.610,670.163,483.719,700.460,494.340,731.837,505.523,765.133,517.378,644.265,522.528,672.426,533.621,701.526,545.554,731.527,558.260,763.134,571.584,645.145,570.736,673.166,582.957,702.056,595.963,732.050,609.760,764.181,624.301
calpic04,Cam2,1920,1080,1022.694,320.088,1062.834,314.767,1101.566,309.226,1138.623,304.445,1174.644,298.925,1017.539,372.689,1057.350,366.108,1095.264,359.645,1132.506,354.158,1168.086,348.305,1013.475,423.588,1052.626,416.407,1091.210,409.490,1128.815,403.090,1165.016,396.908,1010.607,474.294,1049.439,466.276,1087.428,458.706,1124.562,451.253,1160.022,443.882
calpic04,Cam3,1920,1080,1242.428,435.458,1291.450,438.924,1341.127,442.188,1391.046,445.510,1441.260,448.950,1237.616,480.844,1286.058,484.424,1335.088,487.682,1384.553,491.387,1434.366,495.093,1233.217,525.591,1281.024,529.268,1329.528,533.057,1378.660,537.215,1428.012,541.396,1228.752,569.922,1276.167,573.737,1324.282,577.610,1372.796,581.874,1421.605,586.089
calpic05,Cam2,1920,1080,1488.796,448.158,1544.411,440.603,1597.822,433.439,1649.101,426.191,1698.812,419.371,1475.384,517.824,1530.556,509.435,1583.150,500.396,1634.661,492.609,1683.916,484.436,1464.151,585.814,1518.307,576.158,1571.642,566.762,1624.202,558.119,1674.339,550.255,1455.292,652.330,1508.780,641.643,1561.553,631.273,1612.953,621.808,1662.083,612.406
calpic05,Cam3,1920,1080,1207.187,576.239,1280.493,586.319,1356.645,596.718,1434.842,607.455,1515.282,618.428,1201.852,642.200,1273.822,653.252,1348.433,664.502,1425.258,676.515,1504.308,688.440,1196.411,706.924,1267.283,718.736,1340.407,731.429,1415.693,744.960,1493.466,758.614,1190.536,770.761,1260.429,783.392,1332.440,797.001,1406.681,811.077,1483.190,825.331
calpic06,Cam2,1920,1080,555.609,219.153,557.292,271.115,557.820,321.624,557.452,370.875,557.607,418.762,509.614,223.073,512.526,276.560,515.304,328.386,516.210,378.754,516.859,427.828,462.169,227.425,465.184,281.832,468.439,334.892,471.455,387.413,473.401,437.613,412.935,232.298,416.104,287.557,419.553,341.709,422.686,394.576,424.515,445.522
calpic06,Cam3,1920,1080,1020.345,318.331,1018.402,356.094,1016.341,393.123,1014.192,429.032,1012.213,464.391,982.254,316.699,980.535,354.557,978.804,392.113,977.217,428.421,975.488,463.858,943.777,315.046,942.616,353.075,941.359,390.472,939.940,427.219,938.722,463.177,905.572,313.688,904.550,351.527,903.612,388.909,902.747,425.589,901.924,461.092
calpic08,Cam2,1920,1080,1235.378,197.185,1235.429,237.579,1235.402,278.604,1235.411,319.863,1235.456,361.298,1192.282,196.489,1192.092,236.825,1191.974,278.193,1191.864,319.268,1191.745,360.721,1149.547,195.271,1149.298,235.896,1149.076,276.519,1148.864,317.352,1148.698,358.443,1107.067,193.939,1106.455,234.601,1106.093,275.280,1105.655,316.284,1105.332,357.497
calpic08,Cam3,1920,1080,1693.566,379.423,1677.792,419.436,1661.625,459.589,1645.536,500.398,1629.263,540.883,1649.219,373.216,1633.404,412.103,1617.737,451.742,1601.416,491.161,1585.408,531.120,1606.295,366.524,1590.875,404.789,1574.850,443.198,1558.622,481.516,1542.263,520.080,1564.727,359.700,1549.489,397.251,1533.592,434.775,1517.555,472.411,1501.602,510.438
calpic09,Cam2,1920,1080,467.678,225.771,478.493,268.554,489.448,312.575,500.522,357.598,511.735,402.868,414.104,228.200,424.461,271.880,434.983,316.835,445.746,361.634,456.593,407.606,359.162,230.224,369.028,274.399,379.201,319.333,389.488,364.083,400.106,410.574,302.710,231.361,311.990,276.393,321.708,322.080,331.550,368.026,341.360,415.034
calpic09,Cam3,1920,1080,989.487,318.632,979.665,348.255,969.868,378.498,959.773,409.564,949.526,441.130,955.597,316.372,945.612,345.554,935.640,375.714,925.122,406.107,914.526,437.437,922.059,313.563,911.990,342.529,901.453,371.908,890.484,401.570,879.437,431.976,888.837,310.186,878.585,338.937,867.638,368.057,856.454,397.671,845.212,428.105
calpic10,Cam2,1920,1080,1785.789,423.859,1768.262,506.773,1750.696,586.850,1732.864,663.150,1717.181,737.560,1715.985,429.287,1698.265,512.840,1680.841,593.431,1664.660,671.140,1649.354,745.909,1641.510,434.276,1625.114,518.828,1610.629,601.076,1597.305,681.136,1585.507,758.736,1568.789,441.357,1553.362,527.372,1540.075,610.665,1527.651,692.157,1514.524,769.117
calpic10,Cam3,1920,1080,1217.967,576.606,1211.053,660.345,1204.268,740.959,1198.223,818.094,1191.857,893.193,1133.608,561.368,1128.662,642.418,1124.282,720.742,1119.579,796.666,1114.951,869.833,1054.845,546.069,1051.435,625.406,1047.387,702.661,1043.206,778.271,1038.735,851.529,977.745,533.322,975.672,610.844,972.820,686.746,969.862,760.615,967.937,831.253
calpic11,Cam2,1920,1080,838.655,506.783,837.056,607.572,835.144,704.121,832.921,797.263,830.725,886.387,730.676,514.861,731.462,617.601,731.456,715.844,731.360,810.219,731.100,901.003,617.247,523.165,620.517,628.687,623.573,730.203,626.336,827.953,629.074,923.065,497.738,534.269,504.166,642.481,509.882,746.544,515.116,847.073,519.496,941.419
calpic11,Cam3,1920,1080,438.285,440.529,443.919,507.614,449.510,572.714,454.968,636.216,460.355,697.577,388.718,430.938,394.954,496.713,401.726,560.605,408.055,622.664,414.259,682.889,341.251,421.942,348.257,486.370,354.281,549.664,359.620,611.337,364.292,671.526,292.573,413.998,300.143,477.449,306.596,539.617,312.627,600.385,319.872,658.702
calpic12,Cam2,1920,1080,946.360,163.514,944.293,212.458,942.266,260.286,939.780,306.517,937.822,352.241,900.936,163.694,899.560,213.339,897.792,261.204,896.298,308.485,894.640,354.310,854.924,164.036,854.047,213.899,853.290,262.699,852.705,310.651,852.345,357.357,808.722,164.552,808.394,214.765,808.228,264.575,808.060,312.689,807.422,359.696
calpic12,Cam3,1920,1080,1335.299,307.501,1330.639,349.429,1326.303,390.643,1321.857,430.973,1317.498,470.721,1293.213,303.367,1289.150,344.769,1285.092,385.520,1281.095,425.560,1277.274,464.727,1251.840,299.404,1248.372,340.460,1244.565,380.882,1240.660,420.790,1236.869,460.131,1210.904,295.957,1207.810,336.668,1204.509,376.725,1201.104,416.232,1198.213,454.692
calpic13,Cam2,1920,1080,1199.505,321.744,1195.192,392.873,1190.826,463.657,1186.746,533.535,1182.725,602.290,1128.519,319.301,1124.531,390.260,1120.603,460.377,1116.890,529.673,1113.285,598.815,1058.376,316.561,1054.751,387.167,1051.346,456.918,1047.742,526.198,1044.358,594.680,988.795,313.746,985.716,384.167,982.592,453.492,979.443,522.626,976.406,590.787
calpic13,Cam3,1920,1080,1097.461,421.500,1082.615,481.345,1067.897,540.665,1053.813,599.361,1040.268,657.376,1058.652,411.205,1044.656,469.154,1030.617,526.540,1016.168,583.323,1001.555,639.518,1021.698,401.244,1008.582,457.510,994.657,513.133,980.495,568.287,967.016,622.806,986.473,391.831,973.755,446.453,960.559,500.552,947.628,554.242,935.554,607.231
