frame,P01_Cam2_X,P01_Cam2_Y,P01_Cam3_X,P01_Cam3_Y,P02_Cam2_X,P02_Cam2_Y,P02_Cam3_X,P02_Cam3_Y,P03_Cam2_X,P03_Cam2_Y,P03_Cam3_X,P03_Cam3_Y
0,906.914,63.703,1192.229,213.675,833.380,403.487,1107.936,480.066,814.084,512.397,1082.399,567.749
1,906.988,63.793,1192.258,213.982,834.300,403.501,1108.969,480.066,814.259,512.397,1084.004,567.749
2,907.001,63.868,1192.458,214.013,836.852,403.501,1112.154,480.833,817.124,512.397,1087.316,567.940
3,907.005,63.886,1193.807,214.515,836.858,403.487,1118.789,480.833,817.162,512.373,1092.926,567.749
4,907.855,64.157,1194.355,215.446,843.162,401.361,1125.393,480.833,825.589,512.193,1103.827,567.160
5,909.181,64.345,1196.628,216.169,853.732,401.121,1134.633,482.428,833.827,510.601,1118.329,564.181
6,910.781,65.493,1197.961,216.280,863.936,400.751,1147.738,483.514,847.270,510.434,1132.879,564.181
7,913.024,66.580,1202.180,216.280,878.598,400.430,1159.216,487.037,866.597,502.408,1148.377,564.181
8,916.675,66.580,1204.340,216.280,894.516,400.378,1171.181,489.791,885.560,502.408,1165.153,564.849
9,922.112,66.580,1207.243,216.175,910.162,399.432,1184.174,491.695,908.555,504.065,1181.224,567.011
10,922.775,65.052,1210.291,216.137,925.990,398.645,1199.335,492.736,930.052,504.065,1198.626,571.519
11,926.535,65.052,1212.715,216.011,941.604,396.816,1210.047,494.797,947.558,503.560,1216.500,577.047
12,930.340,65.052,1215.785,214.716,956.004,396.091,1222.359,497.557,969.273,503.560,1229.786,579.869
13,933.203,65.330,1217.534,214.432,969.747,394.523,1231.417,498.377,991.891,500.507,1241.156,586.314
14,937.813,65.330,1219.170,214.432,981.505,394.523,1239.316,499.752,1003.452,500.507,1250.669,591.408
15,940.016,65.330,1221.137,214.444,989.362,394.523,1244.980,501.831,1009.333,500.507,1257.022,596.064
16,940.016,65.128,1222.116,214.444,995.790,395.936,1246.840,502.735,1015.843,507.003,1258.247,597.216
17,940.356,65.124,1222.141,214.590,995.793,395.986,1246.840,504.129,1015.868,507.021,1258.247,598.394
18,940.356,65.124,1222.141,214.753,995.793,399.565,1246.840,505.098,1015.868,507.984,1258.247,601.458
19,939.909,65.128,1222.116,214.896,995.790,401.489,1244.045,505.144,1015.868,509.037,1252.596,603.680
20,939.614,66.150,1220.518,214.946,991.759,402.856,1235.064,505.678,1010.062,513.725,1241.845,606.269
21,938.836,66.646,1219.148,215.568,984.270,405.293,1227.805,506.903,1000.569,519.646,1230.673,606.269
22,934.679,66.646,1216.069,216.904,973.183,409.941,1216.857,506.903,987.168,522.724,1215.790,606.269
23,932.240,66.720,1212.789,216.904,960.082,412.073,1203.933,506.714,971.416,525.215,1200.126,603.676
24,929.157,66.646,1211.437,216.904,945.137,414.293,1190.346,506.714,951.519,528.071,1181.948,601.082
25,925.974,66.877,1207.409,215.748,928.485,415.513,1176.157,506.386,928.407,530.097,1163.673,599.998
26,923.832,67.000,1206.006,215.502,911.317,415.513,1162.655,503.692,905.754,530.097,1147.837,597.639
27,918.118,67.000,1202.525,215.502,894.506,415.513,1150.782,498.798,885.888,530.097,1130.795,590.884
28,915.620,65.816,1200.352,215.364,877.965,413.936,1138.166,495.241,862.765,528.092,1117.062,587.978
29,911.955,65.588,1197.569,215.185,865.238,411.452,1128.803,492.532,846.056,524.836,1104.807,578.287
30,911.952,65.588,1195.759,215.185,865.220,411.434,1119.567,490.334,845.974,524.778,1093.810,576.828
31,910.482,65.253,1194.700,215.030,853.078,408.113,1115.265,485.345,832.485,524.774,1088.500,573.988
32,908.239,64.691,1193.204,214.932,842.952,406.032,1111.477,484.136,823.997,519.708,1086.505,570.650
33,907.520,63.959,1193.204,214.650,837.099,405.747,1111.477,481.867,815.773,516.395,1086.505,568.939
34,907.321,63.740,1193.204,214.650,837.099,404.931,1111.477,481.011,815.773,513.791,1086.505,567.305
35,907.321,63.740,1193.512,214.650,837.099,403.042,1116.388,481.011,815.773,512.436,1089.611,567.069
36,907.321,63.740,1193.546,215.073,841.139,401.469,1120.544,481.011,820.932,512.370,1097.637,566.718
37,908.415,64.398,1195.053,215.570,848.216,400.768,1129.318,481.376,828.901,512.230,1107.859,566.463
38,910.061,64.857,1197.161,215.905,858.934,400.768,1139.030,483.154,840.255,509.039,1122.145,564.068
39,911.956,65.421,1199.882,215.982,872.444,400.632,1149.556,485.098,857.392,507.344,1136.530,564.068
40,915.124,66.410,1203.184,216.082,887.225,400.632,1164.230,486.017,878.270,504.317,1152.744,564.068
41,918.375,66.410,1205.048,216.213,903.252,400.415,1174.465,490.006,901.376,504.317,1168.663,565.910
42,923.126,66.410,1207.822,216.552,919.115,400.076,1188.839,490.799,920.598,509.039,1184.482,567.890
43,925.148,65.405,1210.457,216.213,935.417,398.374,1201.961,493.705,939.547,504.599,1201.766,571.910
44,925.202,65.405,1212.755,216.082,935.418,398.344,1212.385,495.425,940.137,504.599,1219.473,577.554
45,928.340,65.337,1215.284,215.938,950.912,397.101,1223.865,497.934,961.076,504.599,1230.681,582.900
46,932.019,65.315,1217.582,214.914,964.437,396.636,1232.336,499.074,982.316,500.391,1242.642,585.348
47,938.608,65.315,1218.961,214.870,985.640,395.671,1239.245,500.714,1005.666,500.391,1249.926,594.020
48,938.612,65.272,1221.117,214.870,985.646,395.671,1245.591,501.404,1005.742,500.391,1255.239,597.928
49,939.838,65.272,1221.385,214.675,993.006,395.671,1245.591,502.979,1013.660,504.813,1255.304,598.571
50,939.838,65.272,1221.385,214.865,994.018,398.708,1245.591,504.627,1013.937,508.855,1255.304,600.951
51,939.838,65.441,1221.385,214.865,994.018,400.558,1245.424,504.830,1013.937,509.496,1255.304,602.766
52,939.606,65.675,1221.374,215.321,994.018,403.263,1239.609,506.573,1013.937,509.924,1248.871,602.814
53,939.321,66.127,1219.632,215.321,987.001,404.901,1233.485,506.573,1004.956,518.333,1236.567,606.435
54,937.663,66.748,1218.084,215.942,978.610,406.984,1224.592,506.764,994.830,521.748,1224.692,606.435
55,933.369,66.748,1213.985,216.710,966.814,410.690,1211.799,506.573,979.835,522.534,1210.740,606.435
56,930.920,66.748,1212.176,216.710,952.026,413.447,1199.735,506.541,960.619,524.503,1195.941,603.295
57,930.898,66.748,1210.101,216.710,952.019,413.467,1186.521,506.536,960.384,524.694,1178.215,601.142
58,927.131,66.748,1206.986,216.278,936.939,414.079,1172.812,505.773,938.466,531.098,1160.264,599.428
59,921.957,67.808,1204.822,216.278,902.878,414.084,1160.501,502.901,895.208,531.354,1143.906,595.154
60,916.646,67.808,1201.381,216.131,886.226,414.084,1148.229,497.672,873.417,531.354,1128.837,589.372
61,916.644,67.808,1199.053,216.131,886.143,414.079,1136.425,494.187,873.412,531.098,1113.693,587.236
62,913.023,66.435,1197.499,216.049,872.263,411.606,1128.155,491.679,854.465,526.728,1103.861,576.812
63,910.995,65.250,1195.310,215.878,858.364,409.562,1119.958,489.784,838.439,525.867,1093.559,576.511
64,909.513,65.238,1194.757,215.766,846.672,407.147,1116.198,485.011,827.983,521.073,1089.041,571.993
65,907.461,63.852,1193.442,215.313,840.528,405.655,1115.340,483.253,819.801,517.477,1088.639,570.033
66,907.085,63.516,1193.442,215.063,838.445,404.428,1115.340,481.786,818.927,514.443,1088.639,568.469
67,907.085,63.516,1193.442,215.063,838.445,402.491,1115.340,479.947,818.927,512.501,1088.639,567.583
68,907.085,63.516,1193.763,215.063,838.445,402.138,1118.751,479.330,818.927,511.342,1093.085,567.127
69,907.911,63.891,1194.000,215.576,844.998,400.534,1124.620,479.330,827.414,511.257,1102.185,566.513
70,907.919,63.892,1196.111,215.576,845.013,399.462,1133.653,479.947,827.496,511.238,1113.268,563.605
71,909.432,64.299,1197.769,215.852,854.944,399.462,1143.285,483.016,835.790,510.104,1127.019,563.605
72,910.845,65.503,1200.722,216.042,865.381,400.534,1153.972,485.920,849.134,510.104,1140.767,563.605
73,916.974,66.812,1203.624,216.042,895.661,400.534,1165.517,487.840,888.570,508.142,1155.807,564.734
74,916.982,66.812,1205.413,216.058,895.675,399.768,1179.988,488.144,888.985,508.372,1171.680,566.063
75,922.191,66.812,1208.190,216.074,911.336,399.768,1192.041,492.123,910.830,510.104,1187.845,568.164
76,923.251,65.551,1210.764,216.058,927.207,399.339,1204.097,494.476,931.708,510.310,1204.328,573.021
77,927.288,65.551,1213.053,216.058,943.186,398.186,1214.602,496.575,950.611,508.372,1220.562,578.043
78,930.334,65.551,1215.261,215.705,957.431,397.325,1224.850,498.712,969.602,508.372,1232.090,583.936
79,933.460,65.326,1217.300,215.098,969.658,397.325,1232.836,500.256,990.300,502.249,1243.399,586.868
80,937.620,65.189,1218.926,214.764,982.354,397.325,1239.018,501.411,1003.252,502.249,1249.052,595.332
81,939.678,65.337,1220.758,214.511,989.527,397.359,1244.836,502.400,1010.150,502.249,1254.374,599.217
82,940.018,65.337,1221.089,214.511,995.784,398.873,1244.836,504.447,1016.001,508.810,1254.374,600.767
83,940.018,65.337,1221.089,214.576,995.784,400.937,1244.836,504.571,1016.001,509.226,1254.374,602.618
84,940.018,65.357,1221.089,214.764,995.784,403.245,1241.999,506.660,1016.001,510.665,1252.052,603.459
85,939.688,65.669,1220.905,215.088,990.339,404.417,1235.722,507.012,1008.059,517.517,1244.548,605.165
86,938.338,66.906,1218.812,215.973,983.284,406.539,1229.468,507.617,999.365,521.377,1232.372,606.801
87,933.827,66.935,1216.928,216.125,971.468,411.770,1220.730,507.617,985.838,524.034,1220.075,606.801
88,933.809,66.935,1213.503,217.057,971.466,411.773,1209.266,507.177,985.773,524.204,1205.928,606.801
89,932.711,66.906,1211.913,217.057,957.470,412.954,1195.212,507.177,968.686,525.143,1190.075,603.810
90,928.204,66.906,1209.188,217.057,943.107,414.617,1180.833,505.521,948.536,527.977,1173.378,601.529
91,925.882,67.229,1206.624,216.441,926.605,414.719,1169.443,504.600,926.222,529.021,1156.393,598.285
92,923.543,67.564,1204.284,216.044,909.477,414.719,1157.314,502.203,903.839,529.021,1140.416,594.459
93,917.687,67.564,1200.751,216.033,892.420,414.719,1145.783,498.341,882.784,529.021,1126.230,586.708
94,915.076,67.564,1198.774,216.003,876.283,413.461,1135.171,493.289,861.204,526.282,1112.910,586.705
95,911.776,65.922,1196.701,215.672,864.299,410.719,1127.896,491.130,844.666,523.618,1104.595,575.810
96,910.315,65.785,1194.893,215.647,852.163,407.767,1119.780,488.887,832.326,523.213,1094.177,573.425
97,908.350,64.267,1194.499,215.476,843.461,406.303,1117.197,484.255,824.647,518.786,1090.075,571.768
98,907.426,63.708,1194.186,215.123,837.058,404.530,1117.197,480.586,817.014,514.810,1090.075,569.375
99,907.096,63.708,1194.186,214.984,836.864,402.611,1117.197,479.117,817.014,512.699,1090.075,567.885
100,907.096,63.708,1194.186,214.984,836.864,401.735,1117.861,479.117,817.014,511.189,1091.239,567.048
101,907.096,63.722,1194.839,214.984,836.864,401.734,1122.134,479.117,817.039,510.491,1098.835,566.060
102,907.743,63.746,1194.839,216.054,842.648,399.853,1128.049,480.203,823.789,510.421,1106.546,565.180
103,908.913,64.190,1196.774,216.054,850.100,399.590,1136.099,481.508,832.399,509.162,1119.023,563.297
104,910.314,65.254,1198.415,216.060,859.533,399.590,1147.769,481.940,844.080,509.162,1132.564,563.297
105,912.405,65.543,1201.916,216.054,874.369,399.590,1158.180,485.482,861.509,503.515,1145.807,563.297
106,915.542,66.575,1204.108,216.054,888.749,400.173,1168.744,488.999,879.934,503.515,1161.154,564.444
107,918.590,66.575,1206.280,216.393,904.551,400.173,1181.112,489.769,902.480,504.690,1174.807,567.739
108,923.110,66.575,1208.857,216.393,920.760,400.173,1195.439,492.392,922.278,504.891,1190.853,570.845
109,925.484,65.855,1211.238,216.375,937.264,399.231,1205.881,495.615,940.115,504.690,1209.579,574.334
110,928.557,65.855,1213.855,216.375,952.183,398.355,1216.060,496.899,963.000,504.690,1222.067,580.096
111,932.221,65.597,1215.764,216.066,965.635,397.889,1227.477,497.538,982.178,503.401,1233.217,586.086
112,934.949,65.597,1217.560,214.894,977.154,397.889,1233.071,501.474,995.697,503.401,1242.809,589.704
113,938.492,65.353,1219.473,214.894,986.071,397.889,1238.462,502.512,1005.863,503.401,1248.401,596.527
114,939.670,65.353,1220.713,214.798,992.956,399.184,1243.841,503.386,1013.716,507.300,1252.582,599.935
115,939.701,65.353,1220.856,214.798,992.961,399.193,1243.841,504.277,1013.724,507.353,1252.582,602.539
116,939.701,65.576,1220.856,214.900,992.961,401.136,1243.841,505.058,1013.724,510.904,1252.582,602.540
117,939.701,65.719,1220.856,214.961,992.956,402.912,1238.728,507.067,1013.716,511.206,1247.703,604.011
118,938.827,66.836,1220.521,215.187,986.511,406.960,1233.891,507.395,1003.992,521.650,1238.124,607.245
119,938.671,66.836,1217.929,215.627,986.499,407.137,1226.120,507.403,1003.992,521.661,1229.082,607.245
120,935.207,66.836,1215.840,216.629,976.411,408.929,1216.678,507.395,992.311,522.995,1215.198,607.245
121,933.142,66.808,1213.009,216.629,964.958,412.582,1205.058,507.395,977.064,524.680,1200.727,606.734
122,929.650,66.738,1211.110,216.629,950.798,414.021,1191.992,507.393,957.476,527.233,1185.007,602.429
123,926.670,66.738,1208.239,216.479,935.462,415.629,1179.692,504.949,937.043,530.563,1168.339,600.594
124,924.233,66.808,1206.103,216.146,918.791,415.629,1166.102,504.225,914.359,530.563,1152.721,598.495
125,919.337,66.738,1203.354,216.146,901.600,415.629,1154.142,501.808,893.148,530.563,1137.735,593.086
126,916.642,66.738,1200.397,216.160,884.914,413.633,1143.595,497.369,872.228,530.477,1124.443,586.127
127,912.650,66.352,1198.375,216.160,871.948,410.957,1134.212,492.326,853.730,525.637,1110.954,585.218
128,912.617,66.294,1196.338,216.058,871.851,410.883,1126.848,491.953,853.617,524.996,1104.191,575.051
129,910.977,65.171,1195.024,216.058,857.972,409.253,1120.742,487.632,838.566,524.950,1095.195,573.567
130,909.142,65.106,1194.775,215.813,846.852,406.403,1118.362,482.904,828.419,520.773,1091.290,571.553
131,907.559,63.768,1194.627,215.353,836.257,403.309,1118.362,479.833,816.608,513.111,1091.290,569.085
132,907.550,63.758,1194.207,215.181,836.257,403.265,1118.362,479.700,816.608,512.990,1091.290,567.685
133,907.550,63.758,1194.207,215.181,836.257,401.619,1120.619,478.741,816.608,510.912,1095.024,566.743
134,907.550,63.758,1194.627,215.181,839.821,400.418,1124.688,478.741,820.409,510.538,1102.681,566.457
135,908.190,63.812,1195.969,215.181,846.019,399.210,1132.748,479.700,827.603,509.553,1110.841,564.709
136,909.602,64.495,1197.886,215.562,856.360,399.141,1140.667,481.735,837.896,504.055,1123.971,563.588
137,911.408,65.835,1200.137,215.812,867.600,399.141,1150.003,483.891,852.334,504.055,1136.346,563.588
138,914.082,66.524,1202.890,215.812,881.385,399.210,1161.399,486.295,871.764,503.577,1150.998,563.588
139,917.347,66.524,1204.549,216.222,897.326,399.801,1171.721,489.220,891.131,504.055,1165.621,565.068
140,922.325,66.524,1207.143,216.259,912.503,399.801,1183.609,491.497,912.951,508.401,1180.989,567.209
141,923.616,65.515,1209.389,216.385,928.144,399.801,1197.809,493.161,932.389,508.401,1195.415,571.126
142,927.307,65.515,1211.505,216.385,943.754,399.438,1207.625,496.285,950.261,507.561,1213.833,575.701
143,930.356,65.515,1214.045,216.385,958.038,399.232,1217.502,497.295,973.082,507.561,1224.165,581.016
144,933.491,65.957,1216.040,215.297,969.907,398.851,1227.878,498.591,991.664,507.454,1234.305,587.579
145,937.606,65.957,1217.484,214.801,982.093,398.851,1233.387,501.829,1003.027,507.373,1241.967,591.726
146,937.652,65.957,1219.848,214.801,982.169,398.851,1238.011,503.557,1003.335,507.454,1247.540,598.066
147,939.340,65.901,1220.619,214.801,988.801,399.135,1239.726,505.623,1009.384,507.454,1248.556,601.833
148,939.647,65.742,1220.619,214.801,994.418,401.879,1239.726,506.560,1013.941,510.105,1248.556,603.412
149,939.647,65.742,1220.619,215.068,994.418,402.462,1239.726,506.725,1013.941,510.572,1248.556,603.413
150,939.647,65.901,1220.137,215.351,994.418,404.476,1236.408,507.064,1013.941,512.272,1243.268,606.535
151,939.624,66.526,1219.721,215.768,988.691,406.292,1229.805,507.064,1007.520,520.614,1233.300,608.488
152,937.732,66.662,1216.776,216.186,981.357,407.757,1222.578,507.064,998.603,523.630,1222.196,608.488
153,933.702,66.845,1214.431,216.454,970.052,412.174,1210.807,507.025,983.937,524.515,1209.194,608.488
154,932.547,67.008,1212.908,216.454,956.336,413.601,1200.524,507.025,966.913,527.417,1195.903,603.618
155,932.451,67.406,1210.472,216.454,956.260,413.680,1187.916,506.878,966.888,527.417,1179.784,602.725
156,925.784,67.425,1208.040,216.283,925.621,414.346,1175.429,506.878,924.424,528.520,1163.976,601.079
157,923.734,68.006,1205.772,215.839,908.493,414.346,1164.926,501.834,903.361,528.584,1149.079,598.085
158,918.224,68.006,1202.848,215.839,891.949,414.346,1151.662,500.329,882.856,528.584,1134.411,591.960
159,918.219,68.006,1200.703,215.839,891.940,414.329,1141.926,496.542,882.783,528.520,1123.112,586.041
160,914.989,67.238,1198.147,215.872,877.628,412.912,1133.370,491.827,862.153,527.039,1110.567,584.127
161,911.977,65.815,1196.944,216.019,864.101,409.067,1126.653,491.417,846.268,525.109,1104.296,574.900
162,910.103,65.507,1194.818,216.019,853.938,406.346,1121.210,487.310,833.465,521.717,1096.098,573.069
163,908.570,64.375,1194.467,215.872,843.981,404.638,1118.930,483.833,825.706,517.180,1094.157,571.645
164,907.633,64.151,1193.795,215.454,839.211,403.182,1118.930,481.221,819.122,514.653,1094.157,568.068
165,907.633,64.086,1193.795,215.381,839.211,401.871,1118.930,480.474,819.122,511.158,1094.157,567.461
166,907.633,64.078,1194.467,215.381,839.211,400.778,1122.858,480.474,819.122,510.727,1100.340,567.129
167,908.046,64.078,1195.254,215.454,842.672,398.359,1128.533,480.474,826.904,508.294,1106.793,565.232
168,909.194,64.086,1196.715,215.381,852.659,398.359,1134.544,480.703,833.957,504.311,1117.896,563.188
169,910.480,65.425,1197.946,215.566,861.046,398.359,1144.598,482.380,846.518,504.311,1128.891,563.188
170,912.431,65.493,1200.878,215.695,874.421,399.172,1154.480,484.857,863.130,500.027,1141.742,563.188
171,915.548,65.860,1203.412,215.809,889.749,400.170,1166.589,485.435,881.455,500.008,1154.740,563.951
172,918.677,65.937,1205.136,215.956,905.357,400.170,1176.207,489.242,902.644,500.027,1169.961,566.107
173,918.695,65.937,1207.693,216.492,905.525,400.170,1188.435,490.858,902.659,504.567,1184.131,568.145
174,923.544,65.860,1209.928,216.290,921.252,400.069,1198.967,493.093,922.270,504.487,1199.192,571.985
175,925.791,65.860,1212.142,216.290,937.505,399.891,1209.591,495.866,940.314,504.567,1213.975,577.590
176,928.308,66.058,1214.275,216.290,952.538,399.584,1218.615,498.252,964.421,505.581,1225.415,582.346
177,932.306,66.058,1216.108,215.452,965.484,399.427,1228.403,499.737,982.228,507.428,1235.177,587.265
178,934.673,66.058,1217.348,215.158,976.583,399.427,1233.029,503.212,996.361,507.428,1241.422,594.125
179,938.325,66.058,1219.807,215.069,986.381,399.891,1236.951,504.290,1006.373,508.999,1246.615,600.087
180,939.957,65.855,1220.226,215.069,991.533,401.572,1236.951,506.230,1012.673,509.609,1246.615,602.414
181,940.066,65.855,1220.226,215.069,991.533,402.966,1236.951,507.182,1012.673,512.019,1246.615,603.852
182,940.066,65.855,1220.226,215.107,991.533,404.650,1236.646,507.312,1012.673,512.265,1244.795,605.754
183,939.957,66.112,1219.446,215.771,991.193,405.592,1233.174,507.830,1009.701,519.391,1237.304,609.241
184,937.909,66.512,1218.318,216.209,984.816,407.649,1226.139,507.881,1003.467,523.819,1229.835,609.241
185,934.748,66.528,1215.415,217.084,975.454,410.923,1218.191,507.830,990.118,523.941,1217.757,609.241
186,934.740,66.618,1214.032,217.084,975.393,410.933,1208.490,507.830,990.081,524.394,1203.393,607.504
187,933.025,66.618,1211.751,217.084,963.100,413.349,1195.498,506.155,974.717,525.786,1190.335,603.366
188,929.230,66.774,1209.363,216.571,949.312,414.648,1183.664,505.947,956.424,529.376,1175.550,602.742
189,927.377,67.019,1207.467,216.418,934.055,415.358,1171.687,505.894,935.723,531.345,1160.116,600.598
190,923.591,67.019,1204.637,216.051,917.633,415.358,1161.469,503.081,913.801,531.345,1145.984,595.358
191,922.406,67.019,1202.866,216.051,900.668,415.358,1151.350,497.727,892.913,531.345,1131.643,591.866
192,916.423,67.019,1200.072,216.028,885.104,412.977,1140.183,496.159,871.951,530.140,1120.290,586.220
193,913.204,66.778,1197.795,216.028,871.767,410.059,1133.007,490.960,854.584,526.529,1110.138,582.644
194,910.939,65.496,1196.282,216.111,858.676,408.486,1126.928,490.553,839.174,524.041,1104.438,573.954
195,909.278,64.830,1194.298,216.111,848.151,405.084,1122.254,487.062,829.296,520.167,1097.849,573.439
196,908.153,63.827,1193.941,216.037,842.667,404.446,1121.788,483.401,823.171,515.698,1097.849,569.344
197,907.466,63.684,1193.941,216.037,838.468,402.299,1121.788,481.324,818.949,511.525,1097.849,569.039
198,907.466,63.684,1193.941,215.927,838.468,400.949,1121.788,480.308,818.949,509.821,1099.254,567.921
199,907.466,63.684,1194.929,215.886,838.468,400.943,1126.347,480.308,818.949,509.662,1104.371,566.753
200,907.816,63.789,1195.942,215.653,842.324,398.616,1133.109,480.308,822.884,508.926,1111.752,563.821
201,908.484,63.964,1197.222,215.653,848.473,398.616,1139.471,480.747,831.313,508.926,1122.278,563.311
202,909.762,64.900,1199.669,215.873,858.308,398.616,1149.359,481.367,841.450,508.926,1134.356,563.311
203,914.547,66.620,1201.750,215.791,883.467,398.620,1158.655,484.471,874.653,506.117,1146.992,563.311
204,914.583,66.841,1204.187,215.873,883.501,398.630,1168.529,487.508,874.919,502.322,1160.018,564.873
205,917.758,66.841,1205.704,216.012,898.807,399.914,1181.411,487.746,893.468,510.252,1172.945,566.300
206,922.229,66.620,1208.328,216.224,914.321,400.059,1191.388,492.142,915.020,510.305,1188.282,569.049
207,923.951,65.468,1210.343,216.614,930.071,400.059,1201.472,495.362,933.507,510.095,1202.178,572.916
208,927.323,65.468,1212.429,216.614,944.872,400.059,1210.791,496.192,952.224,510.095,1216.193,578.304
209,930.699,65.468,1214.603,216.614,958.502,400.076,1220.373,499.371,971.899,510.095,1226.578,583.880
210,933.576,65.544,1216.390,215.552,970.364,400.076,1228.655,500.285,990.797,510.040,1233.876,590.237
211,937.364,65.560,1217.158,215.345,981.675,400.310,1232.515,503.302,1001.683,510.040,1240.282,595.955
212,939.166,65.560,1219.617,215.270,987.975,400.796,1235.859,505.573,1008.291,510.040,1244.035,601.128
213,939.171,65.560,1219.750,215.270,987.979,400.798,1235.859,507.035,1008.315,510.081,1244.035,604.474
214,939.171,65.560,1219.750,215.270,987.979,402.981,1235.859,507.122,1008.315,512.318,1244.035,605.405
215,939.171,65.861,1219.750,215.461,987.979,405.355,1234.758,507.134,1008.315,519.254,1239.000,608.502
216,938.537,65.991,1218.642,215.988,987.330,409.069,1229.084,507.134,1005.625,520.524,1232.557,608.502
217,938.532,67.029,1216.120,217.016,987.272,409.069,1222.453,507.134,1004.090,522.468,1223.454,608.502
218,935.275,67.029,1214.398,217.059,979.088,410.091,1212.233,507.448,995.834,523.976,1211.360,608.179
219,933.507,66.887,1213.235,217.059,968.210,412.387,1203.268,507.448,980.824,525.398,1198.213,607.872
220,930.841,66.887,1211.316,217.016,954.117,414.912,1191.912,506.686,963.263,527.499,1184.817,603.405
221,928.046,67.029,1209.066,216.695,939.016,415.032,1180.415,505.498,944.897,530.337,1170.628,601.469
222,924.821,67.285,1206.354,216.416,922.911,415.242,1168.204,504.862,923.359,530.337,1155.817,598.865
223,923.695,67.401,1204.582,216.138,906.268,415.242,1158.119,502.151,901.581,530.337,1141.659,594.069
224,917.621,67.401,1202.011,216.138,890.516,415.032,1149.091,497.198,880.724,527.160,1129.287,586.476
225,914.905,67.401,1199.962,216.254,876.645,412.327,1140.116,493.849,861.599,526.463,1118.851,585.991
226,911.653,65.181,1197.674,216.100,863.830,408.536,1133.115,490.745,846.122,524.225,1109.789,581.975
227,911.604,65.121,1195.899,216.254,863.822,408.432,1127.181,490.483,846.084,524.140,1105.414,573.319
228,908.738,64.540,1194.684,216.254,844.921,403.570,1123.709,485.906,826.786,517.596,1099.983,572.449
229,907.697,63.771,1194.684,216.100,841.059,401.990,1123.709,483.471,821.334,513.415,1099.983,569.800
230,907.608,63.611,1194.684,216.002,841.059,401.904,1123.709,481.519,821.334,513.409,1099.983,568.859
231,907.608,63.611,1194.848,215.847,841.059,401.099,1125.379,479.635,821.334,510.776,1103.383,567.514
232,907.608,63.771,1195.720,215.739,841.841,398.387,1131.181,479.635,821.772,510.021,1109.044,564.208
233,908.490,63.822,1196.859,215.728,845.896,397.965,1136.648,479.635,828.703,506.994,1118.629,562.952
234,909.348,64.052,1197.760,215.847,855.542,397.965,1143.767,480.942,838.203,501.516,1128.385,562.952
235,911.044,64.689,1200.543,215.728,864.653,397.965,1152.326,482.812,850.610,501.516,1138.744,562.952
236,913.494,65.624,1202.643,215.717,877.462,397.993,1163.858,483.609,869.115,499.618,1151.984,563.719
237,916.633,65.814,1204.771,215.717,891.727,398.747,1171.924,487.671,883.678,499.618,1165.306,564.823
238,919.024,65.907,1206.621,215.856,906.633,399.597,1182.149,489.922,907.735,504.933,1178.125,567.580
239,922.599,66.228,1209.125,216.029,921.982,399.688,1195.490,492.233,925.269,505.613,1190.597,570.186
240,926.305,66.142,1210.853,216.746,938.126,400.270,1203.792,495.794,944.120,505.613,1206.519,573.200
241,929.226,66.142,1212.533,216.746,953.595,400.388,1212.931,497.901,964.268,507.606,1218.044,580.063
242,932.797,66.258,1214.602,216.746,965.983,400.679,1221.152,500.958,984.942,509.161,1227.707,585.839
243,934.696,66.258,1216.372,215.756,976.285,401.101,1228.519,501.400,996.363,509.161,1233.114,593.481
244,934.731,66.166,1217.699,215.740,976.293,401.103,1231.783,504.108,996.419,509.221,1239.390,598.128
245,938.459,66.166,1219.380,215.493,985.330,401.211,1234.424,505.596,1005.231,511.641,1240.149,601.587
246,939.714,65.738,1219.380,215.493,990.395,402.448,1234.424,506.532,1010.484,513.360,1240.149,604.239
247,939.714,65.738,1219.380,215.493,990.395,404.819,1234.424,507.044,1010.484,515.038,1240.149,607.360
248,939.714,65.738,1219.068,215.586,990.395,405.491,1231.280,507.205,1010.484,518.518,1234.463,608.334
249,939.072,66.367,1217.117,216.576,987.690,407.852,1225.500,508.064,1006.981,520.626,1228.899,608.930
250,937.664,66.647,1215.059,217.143,981.594,408.430,1218.226,508.064,998.900,524.685,1218.274,608.930
251,934.416,66.647,1213.994,217.143,971.644,411.761,1209.418,508.064,986.264,527.193,1205.756,608.334
252,932.262,66.647,1212.084,217.143,959.432,414.011,1198.668,507.333,969.908,528.761,1192.193,607.039
253,929.221,66.965,1210.794,216.770,945.548,415.512,1187.191,507.319,953.576,531.325,1179.024,603.126
254,926.408,67.292,1207.896,216.129,930.206,415.512,1176.305,507.313,931.516,531.325,1164.880,602.982
255,924.037,67.292,1205.699,216.087,914.266,415.512,1166.681,502.451,910.248,531.325,1151.811,599.474
256,919.081,67.755,1203.845,215.923,898.502,414.914,1155.026,502.021,890.810,530.691,1138.759,593.216
257,919.066,67.755,1201.116,216.087,898.495,414.907,1146.957,495.431,890.809,530.622,1127.159,585.972
258,916.690,67.755,1199.556,216.129,883.706,412.137,1138.672,492.988,871.191,528.052,1118.242,585.277
259,912.530,66.139,1197.318,216.343,871.061,409.181,1132.926,490.259,854.123,525.146,1109.905,580.931
260,910.828,65.420,1196.067,216.362,858.730,408.092,1127.772,489.710,839.471,523.105,1105.745,573.183
261,909.352,64.806,1194.747,216.362,849.573,404.252,1125.431,485.101,830.150,519.336,1103.023,572.454
262,908.416,63.969,1194.747,216.343,843.606,402.263,1125.431,482.833,825.850,514.722,1103.023,569.956
263,908.119,63.639,1194.747,216.219,843.606,399.786,1125.431,480.592,825.850,511.667,1103.023,568.602
264,908.119,63.639,1195.815,216.063,843.606,398.421,1129.083,480.306,825.850,509.749,1106.568,566.525
265,908.119,63.639,1196.225,216.038,845.876,397.353,1134.242,479.756,827.688,507.366,1116.084,562.602
266,909.181,64.255,1197.495,215.535,852.848,397.328,1140.122,479.756,834.762,502.323,1122.895,562.602
267,910.714,65.055,1199.678,215.535,861.608,397.328,1148.926,480.306,846.065,502.323,1133.564,562.602
268,912.300,65.536,1201.336,215.433,873.406,397.353,1157.129,483.210,862.328,502.323,1144.632,563.296
269,915.762,66.325,1203.525,215.433,887.009,398.528,1166.027,485.570,878.931,500.542,1156.296,564.320
270,915.861,66.512,1205.256,215.531,887.011,398.530,1176.399,488.429,879.510,503.774,1170.200,565.827
271,918.379,66.512,1207.213,216.031,902.026,399.528,1185.347,492.053,900.465,509.285,1183.035,567.671
272,922.958,66.325,1209.605,216.222,917.031,399.998,1197.738,493.121,919.120,509.485,1196.246,572.116
273,925.228,65.960,1211.159,216.524,932.439,400.489,1206.633,496.915,935.898,508.014,1210.046,576.296
274,928.060,65.960,1213.032,216.524,946.748,400.580,1213.976,498.924,953.687,508.973,1219.484,581.709
275,930.860,65.960,1214.783,216.524,959.401,400.765,1221.611,500.971,975.430,510.305,1228.361,587.568
276,933.898,66.093,1216.444,216.025,970.886,400.952,1228.392,502.039,990.871,510.409,1232.447,596.357
277,937.473,66.093,1216.888,216.006,981.332,401.923,1230.638,504.893,1001.606,512.597,1237.945,600.226
278,939.068,66.093,1218.934,216.003,987.106,403.317,1231.680,506.017,1007.257,513.221,1237.945,603.020
279,939.527,66.093,1218.934,215.905,988.730,404.556,1231.680,506.728,1007.534,517.559,1237.945,607.085
280,939.527,66.093,1218.934,215.905,988.730,405.908,1231.680,507.158,1007.534,518.785,1235.413,609.188
281,939.527,66.345,1218.630,216.003,988.730,407.533,1227.261,507.633,1007.534,520.578,1230.557,609.188
282,937.860,66.358,1216.509,216.422,983.358,408.352,1221.840,507.945,1002.803,525.155,1222.624,609.188
283,934.909,66.620,1214.324,216.546,975.380,411.814,1213.109,507.945,991.028,525.713,1211.705,608.750
284,934.883,66.699,1213.662,216.907,975.354,411.844,1204.565,507.633,991.005,525.825,1200.008,608.333
285,932.781,66.920,1210.953,216.907,964.409,414.110,1194.329,507.561,976.006,526.670,1187.187,605.704
286,930.827,66.952,1210.114,216.546,951.871,414.905,1182.909,506.441,958.458,528.470,1174.106,604.252
287,924.295,67.117,1206.697,216.144,920.842,415.614,1171.976,506.205,919.236,529.472,1160.965,602.906
288,924.150,67.236,1205.061,215.758,920.765,415.614,1162.601,503.696,919.173,529.472,1147.855,598.417
289,923.252,67.236,1203.548,215.758,905.450,415.614,1152.048,500.757,897.807,529.472,1135.189,591.843
290,917.417,67.117,1201.175,215.789,889.928,413.517,1144.607,496.970,879.133,525.950,1125.063,587.346
291,914.292,66.525,1199.611,215.782,875.580,411.049,1137.633,492.395,860.680,525.133,1116.930,585.775
292,911.315,65.351,1197.302,215.789,863.588,407.720,1132.954,489.588,846.126,523.653,1109.917,580.104
293,910.397,65.136,1196.183,215.918,854.971,404.534,1128.861,488.585,835.152,520.637,1106.634,572.830
294,909.110,64.483,1195.614,215.918,846.295,402.087,1128.798,485.124,827.534,517.706,1106.594,571.034
295,908.256,64.178,1195.614,215.915,842.754,400.420,1128.798,482.576,825.142,513.364,1106.594,569.177
296,908.083,63.804,1195.614,215.915,842.754,398.873,1128.798,481.006,825.142,510.179,1106.594,567.474
297,908.083,63.804,1196.236,215.679,842.754,398.827,1133.260,481.006,825.142,509.946,1112.540,563.730
298,908.083,63.804,1197.068,215.435,845.160,397.728,1138.312,481.006,827.820,508.738,1119.557,563.154
299,910.111,64.622,1197.843,215.435,858.898,397.351,1144.331,481.042,844.487,508.738,1128.493,562.995
300,911.613,65.138,1200.178,215.435,869.370,396.936,1151.908,481.642,857.669,508.738,1138.013,562.995
301,914.189,66.022,1202.458,215.715,882.138,396.936,1161.221,484.095,873.786,508.803,1149.974,563.154
302,914.192,66.030,1204.319,215.715,882.250,396.936,1170.666,486.268,873.809,508.803,1162.037,563.728
303,917.398,66.030,1205.901,215.966,896.109,398.777,1181.792,486.978,889.609,508.803,1173.250,566.578
304,922.179,66.030,1208.044,216.070,909.861,399.209,1191.413,491.371,909.217,508.803,1186.885,568.488
305,922.878,66.081,1210.156,216.364,924.822,400.372,1199.629,493.474,927.878,505.569,1199.109,572.110
306,926.620,66.021,1211.735,216.576,939.415,400.441,1207.895,497.478,945.667,505.569,1214.013,575.617
307,929.340,66.021,1213.770,216.576,954.786,400.448,1215.104,500.046,966.281,509.607,1221.431,582.766
308,932.171,66.081,1214.942,216.576,966.230,401.428,1221.944,502.231,984.694,510.096,1229.723,587.921
309,934.662,66.295,1216.698,216.079,975.851,402.520,1228.041,502.809,995.141,511.040,1232.091,598.327
310,938.170,66.295,1217.114,215.676,984.469,402.554,1229.623,505.873,1004.771,514.878,1235.188,602.976
311,939.175,66.315,1218.186,215.452,988.471,404.795,1229.623,506.277,1008.655,516.959,1235.188,606.984
312,939.175,66.454,1218.186,215.452,988.471,406.147,1229.623,506.599,1008.655,519.994,1235.188,608.027
313,939.175,66.627,1218.186,215.676,988.471,408.108,1227.697,506.822,1008.655,520.626,1231.509,608.658
314,938.308,66.636,1216.685,216.543,985.715,410.173,1223.807,508.098,1003.426,523.602,1225.414,609.846
315,938.255,66.771,1215.137,216.787,985.709,410.174,1217.318,508.098,1003.356,523.832,1216.619,609.846
316,935.621,66.935,1214.144,216.787,978.620,411.608,1209.410,508.098,995.116,525.929,1205.527,608.027
317,933.377,66.935,1212.428,216.787,968.408,413.505,1199.718,507.851,982.169,528.344,1194.211,607.083
318,931.754,66.967,1210.770,216.476,955.097,414.586,1189.604,507.698,964.672,528.870,1181.450,607.069
319,928.001,66.935,1208.603,216.266,941.797,415.648,1179.347,505.731,947.828,530.670,1168.512,603.122
320,925.930,66.967,1206.055,215.870,926.521,415.648,1168.318,505.543,927.357,530.670,1156.146,601.047
321,923.400,67.102,1204.665,215.657,911.131,415.648,1159.385,503.160,907.569,530.670,1143.869,595.220
322,918.907,67.102,1202.498,215.657,895.883,414.717,1151.489,497.954,888.422,529.820,1132.552,591.624
323,916.035,66.798,1200.607,215.657,882.303,412.226,1142.683,496.085,869.249,526.499,1123.707,586.000
324,912.725,66.503,1198.463,216.238,870.410,408.622,1136.764,491.988,853.778,524.067,1115.647,581.560
325,910.704,64.952,1197.102,216.342,858.951,406.648,1133.082,488.960,840.568,522.673,1110.464,578.459
326,909.647,64.851,1196.011,216.406,851.123,403.945,1129.839,487.753,831.312,515.573,1108.444,571.491
327,908.877,64.083,1196.011,216.406,844.896,400.976,1129.839,484.090,827.102,514.062,1108.444,571.293
328,908.506,63.875,1196.011,216.238,844.896,399.155,1129.839,482.251,827.102,510.521,1108.444,568.284
329,908.506,63.875,1196.173,216.135,844.896,399.115,1132.730,479.988,827.102,510.456,1110.892,565.270
330,908.506,63.875,1196.936,215.728,845.069,398.082,1136.815,479.570,828.185,508.774,1118.384,563.429
331,908.831,64.130,1197.650,215.476,848.512,397.084,1141.533,479.570,830.440,502.880,1125.244,563.240
332,910.050,64.170,1199.704,215.476,856.992,397.055,1149.332,479.988,840.944,499.116,1134.207,563.240
333,911.292,64.952,1201.310,215.430,865.944,397.055,1156.818,482.059,852.730,499.116,1144.118,563.240
334,912.848,65.069,1203.237,215.430,876.822,397.084,1166.625,483.315,868.562,499.116,1154.935,564.199
335,916.146,66.066,1204.855,215.573,890.716,398.372,1173.637,487.011,882.828,500.221,1167.093,564.568
336,918.901,66.137,1206.911,215.712,904.830,398.915,1183.067,489.586,902.733,504.115,1180.033,566.833
337,923.221,66.261,1208.845,215.712,919.090,400.055,1194.737,492.054,920.751,505.268,1190.571,570.569
338,925.655,66.261,1210.607,216.439,933.775,400.926,1201.206,494.496,939.709,505.268,1202.606,572.786
339,928.161,66.261,1212.269,216.783,947.905,401.265,1208.951,498.474,957.400,506.221,1214.391,578.687
340,928.161,66.137,1213.838,216.783,947.905,401.265,1216.461,500.845,957.400,506.221,1222.621,584.296
341,928.161,65.943,1213.838,216.783,947.905,401.265,1216.461,500.845,957.400,505.268,1222.621,584.296
