frame,P01_X,P01_Y,P01_Z,P02_X,P02_Y,P02_Z,P03_X,P03_Y,P03_Z
0,135.777,282.900,236.674,87.700,276.373,30.121,73.258,271.330,-41.378
1,135.819,282.882,236.557,88.410,276.689,30.049,73.933,273.151,-41.950
2,135.907,283.098,236.503,90.552,278.073,29.469,76.215,274.312,-42.344
3,136.477,284.671,236.209,93.180,286.285,27.360,78.387,281.300,-44.469
4,136.971,284.513,235.879,97.957,287.946,27.847,85.544,285.983,-45.540
5,138.301,285.821,235.512,105.244,288.382,27.448,94.029,295.227,-46.617
6,139.308,285.711,235.125,113.992,293.793,25.994,104.538,299.130,-47.585
7,141.686,288.226,234.562,123.652,292.531,25.482,117.642,297.618,-43.579
8,143.594,286.969,234.753,133.821,290.142,25.450,130.937,297.619,-43.531
9,146.293,284.725,235.101,144.277,288.981,25.745,145.177,291.980,-42.869
10,147.738,287.513,235.400,155.650,289.815,25.766,159.666,289.398,-43.311
11,149.773,286.406,235.615,165.035,285.552,27.170,173.271,291.526,-45.414
12,152.051,285.879,236.113,174.780,284.340,27.113,185.611,282.782,-43.291
13,153.552,284.897,236.247,182.681,279.706,28.904,197.426,270.877,-40.124
14,155.474,282.033,236.602,189.479,275.823,29.669,205.275,269.089,-41.082
15,156.892,281.984,236.648,194.268,273.757,29.670,210.171,270.064,-42.858
16,157.305,283.076,236.619,196.781,268.760,30.226,212.262,263.894,-43.842
17,157.411,282.768,236.614,196.891,268.927,29.711,212.366,263.969,-44.271
18,157.416,282.780,236.566,196.889,268.832,28.015,212.606,264.226,-45.784
19,157.292,283.219,236.474,195.549,265.635,28.072,210.055,258.146,-45.028
20,156.546,281.734,236.235,190.394,260.081,28.732,203.621,252.793,-46.208
21,155.785,281.040,235.933,185.199,260.162,27.226,195.828,250.618,-48.085
22,153.419,281.932,235.383,177.235,259.672,25.344,185.394,248.608,-48.918
23,151.386,280.741,235.417,167.873,259.081,24.502,173.769,247.765,-49.038
24,149.987,282.353,235.231,157.703,259.517,23.267,159.839,248.187,-49.766
25,147.403,280.964,235.546,146.757,260.861,22.262,145.034,251.724,-51.736
26,146.228,281.531,235.478,135.775,263.024,22.293,131.273,257.159,-53.056
27,143.214,283.383,235.192,125.387,266.125,22.831,117.424,257.121,-50.974
28,141.612,283.453,235.584,114.865,268.116,23.840,104.227,264.851,-52.015
29,139.439,283.987,235.591,106.927,269.984,25.011,93.186,266.244,-47.964
30,138.692,281.939,235.779,103.070,258.654,28.729,88.717,252.703,-43.065
31,137.840,282.209,235.884,97.242,265.441,29.705,81.905,259.729,-44.498
32,136.592,282.766,236.010,92.428,271.259,29.239,78.188,265.924,-43.424
33,136.378,283.476,236.264,90.368,276.996,28.544,75.349,274.532,-44.361
34,136.321,283.680,236.317,90.340,276.918,29.167,75.336,274.462,-42.727
35,136.448,284.030,236.285,92.329,283.104,28.292,76.569,278.453,-43.369
36,136.475,284.105,236.156,95.358,284.098,28.701,81.462,283.043,-44.590
37,137.420,284.749,235.749,101.241,287.556,28.068,88.234,287.421,-45.708
38,138.761,285.507,235.458,108.773,288.372,27.422,97.801,293.113,-45.194
39,140.420,286.684,235.171,117.541,287.075,27.364,109.491,292.647,-44.121
40,142.677,287.219,234.814,128.368,289.110,26.772,123.170,290.078,-41.793
41,144.353,286.042,234.951,137.871,284.602,26.938,137.369,284.416,-40.337
42,146.823,284.381,235.103,148.857,284.576,27.081,150.169,282.678,-42.120
43,148.458,285.285,235.508,159.566,282.661,27.553,163.829,282.539,-41.375
44,149.433,287.814,235.315,164.383,295.211,23.764,172.612,303.762,-49.976
45,151.343,287.452,235.478,174.101,291.783,24.583,184.053,293.464,-48.261
46,153.270,286.198,235.970,181.717,286.651,25.959,195.621,283.409,-43.838
47,155.611,281.025,236.590,190.549,271.228,30.160,205.692,266.033,-40.920
48,156.524,283.425,236.387,193.559,278.456,28.080,208.614,272.391,-44.246
49,156.957,282.459,236.556,195.530,270.486,29.754,210.490,263.292,-43.253
50,156.963,282.473,236.500,195.846,269.391,28.326,210.656,263.039,-45.629
51,156.964,282.471,236.441,195.745,269.128,27.601,210.797,263.196,-46.556
52,156.915,282.727,236.201,193.121,262.728,27.636,207.707,256.051,-44.465
53,156.106,281.073,236.190,188.486,263.489,26.667,199.747,252.386,-48.101
54,155.036,281.074,235.763,182.222,262.597,25.870,191.534,250.199,-48.961
55,152.185,280.917,235.470,173.226,260.772,24.758,181.174,251.003,-49.809
56,150.767,281.377,235.377,163.764,262.854,22.887,168.933,254.741,-51.080
57,149.891,279.080,235.588,157.946,248.004,26.812,160.777,234.809,-43.932
58,147.557,279.365,235.609,147.726,248.228,26.512,146.401,237.073,-46.972
59,145.253,282.146,234.881,132.331,269.426,21.269,126.120,263.343,-54.873
60,142.359,283.618,234.680,121.748,271.758,22.135,112.488,267.752,-54.595
61,141.394,280.989,234.923,116.618,257.418,27.087,106.136,249.266,-47.706
62,139.738,282.890,235.172,108.831,261.780,27.502,95.431,255.986,-44.762
63,138.260,282.455,235.629,101.050,266.218,27.538,86.026,260.068,-45.852
64,137.616,283.310,235.557,95.534,273.207,28.070,80.578,265.025,-44.097
65,136.479,283.865,236.073,93.111,278.390,27.799,77.604,273.063,-44.658
66,136.364,284.228,236.221,92.369,280.424,28.210,77.309,273.967,-43.202
67,136.364,284.228,236.221,92.311,280.265,29.617,77.322,273.982,-42.125
68,136.496,284.593,236.187,93.637,284.416,28.896,79.058,279.592,-43.273
69,136.843,284.069,235.975,98.179,284.861,29.497,85.510,281.897,-43.622
70,137.714,286.464,235.755,101.901,296.260,26.781,89.762,295.545,-46.853
71,138.832,286.840,235.532,109.269,298.029,25.433,98.228,304.262,-49.015
72,140.461,288.774,234.910,117.218,300.338,23.597,108.434,307.220,-49.754
73,143.372,285.831,234.852,131.605,281.787,28.217,127.662,282.588,-41.087
74,144.120,287.855,234.661,137.887,299.401,23.886,134.799,302.110,-47.752
75,146.709,285.704,234.961,148.106,297.201,23.372,148.781,297.840,-47.551
76,148.067,287.550,235.255,158.237,294.335,23.767,162.737,294.692,-48.041
77,150.124,286.016,235.479,167.633,289.301,25.103,175.993,293.031,-48.173
78,151.865,285.368,235.703,176.363,285.720,25.915,186.994,285.383,-47.493
79,153.543,284.425,236.105,183.395,281.505,26.718,198.097,275.252,-42.426
80,155.329,281.983,236.557,189.626,274.590,28.357,204.744,267.830,-42.736
81,156.644,281.910,236.627,194.225,273.318,28.484,209.328,266.443,-43.486
82,156.874,281.933,236.632,195.916,266.578,29.080,210.690,259.667,-44.435
83,156.876,281.937,236.613,195.883,266.483,28.255,210.840,259.836,-45.284
84,156.883,281.951,236.550,194.677,263.455,27.459,209.761,257.287,-45.341
85,156.730,282.104,236.329,190.407,262.418,27.055,204.209,257.709,-49.002
86,155.525,281.200,235.702,185.734,263.093,25.722,196.318,253.804,-50.024
87,153.531,283.696,235.327,178.555,265.863,22.735,187.037,254.844,-51.685
88,152.114,279.958,235.403,173.345,252.993,26.275,180.514,239.188,-46.649
89,151.151,279.297,235.452,163.310,252.087,25.814,168.522,239.493,-46.404
90,148.793,280.806,235.220,152.891,250.743,25.826,155.259,241.727,-47.819
91,147.075,280.226,235.291,143.222,254.969,24.690,141.147,245.510,-48.714
92,145.453,279.925,235.270,132.886,258.607,24.235,127.333,250.103,-49.238
93,142.380,281.851,234.977,122.659,262.420,24.235,114.278,254.448,-48.254
94,140.840,282.247,234.896,112.998,266.058,25.194,102.009,261.424,-49.757
95,139.048,283.218,235.402,106.192,269.707,25.823,92.506,267.163,-46.914
96,137.895,282.639,235.480,98.971,272.432,26.806,84.078,266.924,-45.996
97,137.170,284.178,235.873,94.855,277.715,27.430,79.903,269.950,-44.738
98,136.768,284.733,236.098,92.571,283.995,27.638,77.249,277.939,-44.958
99,136.672,285.053,236.102,92.472,284.094,28.846,77.227,277.852,-43.561
100,136.672,285.053,236.102,92.758,284.971,28.956,77.677,279.303,-43.121
101,136.940,285.797,236.029,94.461,290.302,27.589,80.606,288.803,-45.475
102,137.155,285.237,235.777,98.860,291.803,27.646,85.932,291.209,-45.787
103,138.282,286.252,235.554,104.650,294.061,26.840,93.815,297.637,-46.495
104,139.357,286.686,235.172,112.531,298.461,25.716,103.323,302.207,-47.760
105,141.391,288.550,234.945,121.816,295.695,25.456,114.808,299.902,-44.497
106,143.177,287.840,234.716,130.974,293.393,24.864,127.372,298.852,-44.305
107,144.933,287.233,234.737,141.131,291.154,25.448,140.526,290.903,-43.136
108,147.247,285.551,234.984,152.358,290.833,24.927,153.813,288.640,-43.298
109,148.885,285.829,235.262,161.957,285.431,25.901,167.754,291.473,-45.038
110,150.817,285.648,235.342,170.777,281.050,27.216,180.294,280.804,-43.320
111,152.597,284.038,235.743,179.650,279.456,27.844,191.091,272.630,-41.953
112,154.047,283.180,236.214,185.532,273.589,28.275,199.379,268.684,-41.704
113,155.798,281.714,236.505,190.387,269.969,29.036,205.146,264.225,-42.427
114,156.632,281.889,236.541,194.659,268.438,28.768,209.248,260.229,-43.758
115,156.701,282.018,236.530,194.729,268.537,28.450,209.479,260.503,-44.747
116,156.706,282.023,236.422,194.749,268.523,27.437,209.379,260.321,-46.142
117,156.709,282.026,236.355,192.492,262.987,27.526,207.165,255.072,-45.083
118,156.352,282.549,235.838,188.567,264.462,25.331,200.220,255.119,-50.630
119,155.229,279.854,235.956,184.998,255.855,27.514,195.968,245.123,-47.385
120,153.457,281.116,235.482,178.062,256.124,26.568,186.528,242.471,-47.269
121,151.712,280.050,235.547,169.727,255.203,25.193,175.833,242.750,-48.132
122,149.975,281.464,235.370,160.052,255.481,24.317,162.999,245.479,-48.909
123,147.961,281.250,235.372,150.172,257.336,23.747,149.607,247.925,-50.743
124,146.396,281.288,235.390,139.474,259.213,23.208,136.009,253.774,-52.295
125,143.912,283.141,235.144,129.144,263.045,22.711,122.745,257.954,-52.096
126,141.944,282.525,235.142,119.411,267.624,23.481,110.082,263.293,-51.656
127,140.000,284.270,235.033,111.251,269.457,25.514,98.677,266.761,-50.813
128,139.146,281.987,235.292,108.211,260.752,27.947,95.222,257.133,-43.842
129,138.142,282.165,235.631,101.110,267.247,28.106,86.540,261.585,-44.931
130,137.520,283.711,235.544,96.345,275.392,28.504,81.580,267.311,-44.546
131,136.995,285.120,235.978,92.757,286.250,27.770,77.624,280.016,-44.846
132,136.814,284.635,236.075,92.750,286.234,27.837,77.531,279.752,-44.208
133,136.814,284.635,236.075,93.635,289.004,28.086,78.997,284.497,-44.542
134,136.987,285.114,236.032,96.474,290.366,28.253,83.317,290.139,-46.010
135,137.718,285.995,235.946,101.853,294.019,27.553,88.957,292.542,-45.634
136,138.920,286.774,235.557,108.572,293.053,27.294,97.891,298.244,-44.655
137,140.370,287.511,234.989,116.162,292.771,26.812,107.824,298.071,-44.386
138,142.259,287.920,234.767,125.422,292.132,26.358,120.342,295.073,-42.973
139,143.863,286.519,234.844,134.876,287.680,26.549,132.843,291.967,-42.438
140,146.312,284.403,235.130,144.694,285.689,26.554,146.306,286.859,-43.044
141,147.600,285.651,235.356,155.588,285.619,26.287,158.761,282.923,-42.887
142,149.490,284.282,235.557,164.588,280.395,27.011,172.603,285.195,-44.566
143,151.381,284.035,235.642,173.023,276.271,28.077,183.982,271.980,-41.872
144,153.031,282.990,235.961,181.017,275.274,28.273,194.068,263.294,-41.011
145,154.724,280.387,236.425,186.955,268.509,29.184,200.880,259.595,-41.012
146,155.735,282.974,236.190,189.245,273.836,27.246,204.135,266.075,-45.241
147,156.510,282.116,236.322,191.880,268.696,27.915,206.436,260.824,-44.735
148,156.590,281.805,236.412,193.303,262.496,28.250,207.605,255.754,-44.646
149,156.598,281.825,236.334,193.304,262.482,27.972,207.592,255.729,-44.829
150,156.405,281.308,236.245,191.754,258.753,28.047,205.310,250.183,-44.795
151,156.242,280.894,235.947,187.234,257.568,27.544,198.959,246.075,-47.627
152,154.509,279.568,235.863,182.023,257.389,26.888,191.455,243.452,-48.152
153,152.455,281.057,235.504,173.641,256.173,25.305,181.659,244.951,-49.260
154,151.506,280.524,235.473,165.325,259.192,23.713,170.567,247.756,-49.976
155,150.461,277.901,235.575,159.741,245.165,27.444,163.298,229.752,-43.787
156,147.636,281.899,235.113,145.687,263.221,21.873,144.146,256.624,-53.153
157,146.122,281.383,235.046,135.803,268.468,21.872,131.168,261.396,-54.035
158,143.396,283.657,234.724,125.113,270.169,21.653,118.115,264.958,-53.355
159,142.504,281.240,234.947,120.807,258.175,26.098,112.964,250.688,-46.601
160,140.551,281.619,235.102,112.605,262.357,26.888,101.150,257.089,-47.720
161,139.214,283.322,235.333,105.692,268.597,26.643,92.808,264.913,-46.433
162,137.815,282.803,235.449,100.057,272.158,27.980,85.249,268.156,-45.660
163,137.231,283.952,235.746,95.735,279.347,27.794,81.908,274.044,-45.350
164,136.679,284.100,235.911,94.046,284.053,27.955,79.482,280.622,-45.242
165,136.676,284.095,235.955,94.036,284.022,28.720,79.573,280.819,-43.705
166,136.952,284.859,235.888,95.633,288.977,27.867,81.987,288.649,-45.879
167,137.394,285.346,235.831,99.120,292.529,27.944,87.183,288.300,-44.001
168,138.314,285.843,235.827,104.827,289.333,28.841,94.047,294.720,-43.574
169,139.195,285.940,235.328,111.757,293.011,27.463,102.765,294.932,-43.455
170,140.955,287.310,235.181,120.243,291.021,27.031,113.719,293.064,-40.902
171,142.877,287.031,235.110,130.119,289.181,27.172,125.148,289.133,-39.671
172,144.461,285.820,235.216,139.204,284.309,27.401,138.450,284.668,-38.731
173,145.551,288.748,234.792,144.705,299.106,23.051,144.770,302.366,-46.802
174,147.806,286.320,235.200,154.122,294.612,23.767,157.694,298.981,-46.763
175,149.346,286.531,235.227,163.698,289.533,24.505,170.090,296.818,-47.797
176,150.926,286.365,235.225,172.108,283.728,25.600,182.396,283.299,-45.222
177,152.748,284.283,235.739,180.168,280.873,26.145,192.034,274.855,-44.707
178,153.896,283.239,235.967,185.465,274.299,26.907,199.149,266.636,-44.197
179,155.906,282.262,236.157,189.861,268.039,28.176,204.573,261.761,-45.130
180,156.515,281.071,236.370,191.278,262.550,28.409,206.299,254.945,-43.873
181,156.544,280.960,236.382,191.321,262.583,27.547,206.357,254.974,-45.349
182,156.545,280.963,236.371,191.153,262.165,26.955,205.655,253.169,-45.512
183,156.210,280.255,236.154,189.488,258.707,27.317,201.482,248.216,-48.040
184,155.207,281.107,235.771,184.601,257.712,26.642,196.298,246.624,-49.430
185,153.167,281.148,235.446,178.483,258.775,24.937,187.286,247.851,-50.121
186,152.584,279.612,235.556,174.104,248.105,27.746,180.545,231.905,-44.510
187,151.166,278.805,235.595,164.881,246.357,27.608,170.210,233.306,-44.388
188,149.128,279.929,235.507,155.881,247.495,26.641,158.479,235.905,-46.753
189,147.831,279.663,235.453,146.398,249.883,25.495,145.629,239.906,-48.445
190,145.610,280.280,235.424,137.093,254.964,24.800,132.691,246.056,-48.992
191,144.550,279.487,235.473,127.423,260.212,24.912,120.005,250.776,-49.634
192,141.746,282.364,235.093,117.999,263.259,25.292,108.308,258.598,-50.031
193,139.913,283.037,235.049,110.638,268.062,26.679,98.403,264.331,-49.447
194,138.653,283.629,235.368,104.027,274.497,25.530,90.455,272.507,-48.209
195,137.370,283.062,235.616,98.615,279.551,26.537,84.598,274.920,-47.402
196,136.900,283.799,235.894,96.422,284.198,26.741,82.376,281.106,-46.212
197,136.708,284.493,235.866,94.970,288.467,27.111,81.053,285.961,-46.045
198,136.704,284.484,235.898,94.945,288.396,27.996,81.591,287.693,-45.508
199,137.109,285.605,235.807,96.774,294.100,26.535,83.533,294.029,-47.012
200,137.618,286.384,235.774,100.843,298.596,26.345,87.661,298.797,-47.089
201,138.333,287.165,235.656,105.481,299.992,25.936,94.780,303.075,-48.123
202,139.714,288.667,235.156,112.790,301.762,25.428,103.197,307.490,-49.361
203,141.914,286.148,234.912,124.797,286.303,28.734,119.464,286.781,-41.277
204,142.941,288.889,234.560,129.212,298.780,24.502,125.357,303.132,-45.378
205,144.453,287.392,234.723,139.418,297.609,24.478,136.718,298.698,-47.474
206,146.780,285.836,234.973,148.683,293.079,24.365,150.279,293.675,-46.575
207,148.099,286.407,235.244,157.920,288.104,24.843,162.260,290.002,-46.412
208,149.889,285.325,235.412,166.302,282.807,26.197,174.377,285.963,-46.723
209,151.715,284.331,235.573,174.589,279.276,26.295,184.959,276.287,-45.270
210,153.207,283.320,236.003,181.594,275.792,27.111,193.793,263.920,-43.180
211,154.536,280.315,236.409,186.527,268.085,28.234,200.025,259.478,-43.514
212,156.052,281.216,236.385,189.841,265.184,28.175,203.878,256.807,-44.291
213,156.109,281.359,236.372,189.958,265.368,27.651,204.182,257.164,-45.554
214,156.109,281.359,236.372,189.914,265.238,26.802,204.197,257.136,-46.772
215,156.118,281.370,236.212,189.354,263.881,26.223,201.880,251.535,-48.837
216,155.499,280.819,236.054,186.505,258.112,26.273,198.144,247.340,-48.040
217,154.476,278.089,235.651,183.468,250.873,28.173,193.460,238.957,-46.126
218,152.883,279.471,235.445,176.740,248.321,28.203,185.726,234.545,-45.331
219,151.920,279.966,235.412,169.809,249.790,26.739,175.773,236.056,-46.553
220,150.396,280.518,235.319,160.857,251.756,25.250,164.585,239.207,-47.201
221,148.689,280.799,235.279,151.546,254.526,24.602,152.936,242.316,-48.988
222,146.674,280.991,235.187,141.628,257.423,23.690,140.055,247.864,-50.253
223,145.620,280.117,235.285,132.252,262.857,22.872,127.085,253.791,-50.862
224,142.887,283.350,234.863,123.368,268.130,22.958,114.938,260.355,-49.384
225,141.291,283.785,234.734,115.206,271.731,23.953,104.485,268.065,-51.721
226,139.424,284.493,235.415,108.195,276.589,24.981,95.492,272.981,-51.214
227,138.683,282.543,235.569,105.773,269.415,26.982,93.118,266.339,-45.949
228,137.380,284.061,235.573,98.112,284.674,26.134,84.605,280.317,-47.785
229,137.080,285.111,235.766,96.735,288.480,26.531,82.698,286.064,-47.069
230,137.051,285.195,235.840,96.616,288.161,27.315,82.632,285.889,-46.670
231,137.114,285.368,235.869,97.194,290.002,27.797,83.979,290.205,-46.496
232,137.470,286.350,235.755,99.866,296.600,27.167,86.180,296.505,-46.966
233,138.187,286.755,235.721,103.432,299.112,26.754,92.444,301.267,-46.684
234,138.803,286.920,235.609,109.569,297.754,26.807,99.853,303.649,-45.076
235,140.427,288.353,235.326,116.162,298.771,26.055,108.298,303.100,-44.718
236,141.984,288.241,235.065,125.106,299.140,25.888,120.045,299.421,-42.803
237,143.739,287.466,235.135,133.192,293.893,25.794,130.493,299.989,-43.148
238,145.173,287.143,235.141,142.224,290.168,25.911,143.568,289.112,-42.542
239,147.206,286.349,235.126,152.732,289.546,25.524,154.509,284.939,-42.161
240,148.961,284.587,235.187,161.250,281.995,26.335,167.370,283.194,-42.370
241,150.456,283.506,235.347,169.772,275.897,27.441,178.695,274.641,-42.546
242,152.289,282.197,235.500,177.045,272.112,27.524,189.070,263.126,-41.177
243,153.511,282.168,235.825,183.138,269.217,28.153,195.125,257.162,-41.679
244,154.080,283.617,235.729,184.847,273.222,26.229,198.489,264.605,-45.647
245,155.776,281.680,236.054,188.499,266.453,27.626,201.277,255.869,-44.855
246,156.106,280.411,236.344,189.830,260.977,28.356,202.753,250.255,-44.552
247,156.106,280.411,236.344,189.817,260.903,27.284,202.981,250.511,-46.367
248,155.977,280.071,236.349,188.371,257.415,27.881,200.286,244.202,-46.065
249,155.020,278.623,235.968,185.055,253.933,27.548,196.807,241.902,-46.434
250,153.799,277.804,235.755,180.173,252.411,27.613,189.724,238.831,-47.212
251,152.483,279.902,235.496,173.527,253.075,25.973,180.600,238.474,-48.121
252,151.103,279.952,235.447,165.357,253.835,24.927,169.955,240.711,-49.324
253,149.732,281.552,235.234,156.449,255.515,23.667,159.182,242.745,-49.950
254,147.740,281.096,235.290,147.383,259.346,22.388,146.670,250.121,-52.685
255,146.176,281.022,235.260,138.271,264.409,22.389,134.435,257.196,-54.130
256,144.046,283.926,234.779,128.617,267.428,21.701,122.453,261.678,-53.446
257,142.914,280.875,235.013,124.797,257.086,26.639,117.078,247.011,-46.093
258,141.615,281.512,234.894,116.759,262.528,26.843,107.234,256.935,-48.344
259,139.534,283.210,235.150,110.361,268.655,27.084,98.083,264.364,-48.308
260,138.541,283.520,235.329,104.341,275.352,25.744,91.056,273.770,-47.963
261,137.583,283.519,235.512,100.252,281.674,26.996,86.894,280.414,-48.459
262,137.316,284.475,235.700,98.216,287.777,26.866,85.417,284.966,-47.232
263,137.227,284.770,235.817,98.145,287.587,28.633,85.436,284.977,-45.532
264,137.662,285.973,235.752,99.636,292.180,28.081,86.768,289.269,-45.368
265,137.830,286.438,235.716,102.467,296.171,27.700,91.029,299.018,-46.019
266,138.639,286.756,235.640,107.139,295.984,27.869,96.384,300.290,-44.284
267,139.973,287.679,235.310,113.630,297.530,27.427,104.576,301.438,-44.471
268,141.101,287.942,235.181,120.979,295.250,27.201,114.613,297.527,-43.263
269,142.974,286.906,235.073,129.090,291.584,27.104,125.033,293.907,-41.534
270,143.727,288.779,234.810,133.749,304.745,22.756,131.286,310.993,-48.691
271,145.253,288.478,234.744,142.408,299.457,22.748,143.472,303.542,-48.980
272,147.512,286.541,235.026,152.360,297.854,22.876,155.325,299.005,-48.931
273,148.788,286.012,235.161,161.008,291.782,23.246,166.847,297.013,-48.903
274,150.343,285.238,235.290,168.448,284.776,24.609,176.581,288.415,-48.193
275,151.835,284.354,235.429,175.500,279.875,25.356,186.999,274.611,-46.032
276,153.335,283.082,235.705,181.724,275.083,26.384,193.621,262.735,-45.034
277,154.477,279.948,236.071,185.663,266.460,27.500,199.190,257.257,-45.294
278,155.765,280.606,236.044,187.675,261.395,28.014,200.816,251.265,-44.468
279,155.884,280.132,236.125,188.116,259.651,27.785,201.114,251.170,-47.565
280,155.884,280.132,236.125,188.119,259.627,27.125,200.072,248.553,-47.926
281,155.761,279.798,236.040,186.098,254.723,27.623,197.741,243.139,-46.894
282,154.436,279.163,235.940,182.258,254.499,27.166,192.731,239.377,-47.597
283,152.734,279.724,235.702,176.159,253.178,26.030,184.638,240.030,-48.095
284,152.461,279.041,235.634,172.310,243.772,28.602,179.283,227.275,-43.828
285,150.763,278.145,235.597,164.806,243.824,27.554,169.324,228.731,-44.012
286,149.874,279.152,235.557,156.292,244.045,27.340,158.571,232.422,-45.734
287,146.664,281.889,235.230,142.731,264.113,21.288,141.428,258.938,-55.019
288,145.931,280.166,235.455,138.526,253.069,25.053,135.409,243.137,-48.275
289,145.056,279.374,235.510,129.350,256.443,24.880,123.066,249.925,-48.536
290,142.471,282.587,235.128,121.349,263.521,24.822,112.800,257.202,-48.215
291,140.956,283.980,235.143,113.793,269.749,25.436,103.439,266.789,-50.717
292,139.168,284.383,235.449,108.000,276.525,25.699,95.428,272.855,-50.274
293,138.454,284.053,235.498,103.600,280.740,26.029,90.012,279.577,-48.774
294,137.856,284.715,235.637,100.603,289.488,25.751,87.379,287.655,-49.640
295,137.616,285.582,235.646,99.328,292.974,26.315,86.587,290.256,-48.092
296,137.565,285.763,235.756,99.273,292.823,27.489,86.586,290.208,-46.189
297,137.814,286.452,235.761,101.083,298.419,26.075,88.713,297.264,-46.953
298,138.150,287.380,235.746,103.965,302.245,25.562,92.473,303.401,-48.142
299,139.041,286.197,235.612,110.901,294.865,27.802,101.765,296.478,-45.680
300,140.428,287.327,235.361,117.428,292.999,28.405,110.089,294.101,-44.750
301,142.103,287.319,235.026,125.490,290.911,28.315,120.375,291.476,-43.785
302,142.878,289.435,234.829,129.705,302.724,24.559,125.628,306.874,-48.806
303,144.430,287.988,234.955,138.750,301.028,24.263,135.710,303.432,-48.518
304,146.639,285.560,235.246,147.356,298.012,23.613,147.912,298.438,-47.341
305,147.724,287.260,235.002,155.461,291.464,24.394,159.268,292.497,-45.137
306,149.410,285.248,235.224,163.571,285.597,24.800,171.441,290.597,-45.484
307,151.001,284.768,235.324,171.237,277.368,26.351,180.973,276.515,-44.852
308,152.257,283.202,235.505,177.551,272.861,26.624,190.089,265.827,-43.125
309,153.651,282.592,235.680,182.882,269.243,27.122,194.688,257.764,-44.297
310,154.749,279.465,236.154,186.065,262.000,28.152,198.851,250.876,-45.046
311,155.462,279.621,236.217,187.067,257.594,28.370,200.103,246.933,-45.897
312,155.463,279.620,236.169,187.062,257.559,27.749,200.105,246.884,-47.461
313,155.471,279.635,236.044,186.158,255.366,27.489,198.417,242.897,-46.635
314,154.636,278.911,235.842,183.731,254.070,26.566,194.285,241.894,-48.004
315,153.979,277.265,235.876,180.792,246.963,28.436,190.200,232.413,-45.004
316,152.859,278.819,235.622,175.368,245.714,28.088,182.812,228.860,-44.213
317,151.537,279.176,235.543,168.292,245.650,27.277,174.165,229.978,-45.443
318,150.396,278.942,235.610,160.197,248.296,25.980,163.746,234.357,-47.382
319,148.469,280.293,235.480,151.868,250.403,25.430,152.971,237.032,-47.905
320,146.831,279.500,235.613,142.761,253.845,24.320,141.542,244.302,-49.910
321,145.558,280.472,235.487,134.293,259.345,23.392,129.925,250.184,-50.124
322,143.426,282.566,235.203,126.065,265.444,23.621,119.017,256.654,-50.934
323,141.848,283.334,235.179,118.179,269.189,23.998,108.954,265.805,-50.891
324,140.060,284.299,234.958,111.851,274.249,25.243,100.373,271.957,-50.559
325,138.930,284.826,235.375,106.558,281.565,24.939,93.701,279.305,-51.448
326,138.187,284.661,235.385,102.713,285.929,25.133,89.520,286.133,-48.417
327,137.968,285.452,235.563,100.531,292.189,25.816,88.122,290.801,-49.284
328,137.858,285.816,235.642,100.466,292.012,27.195,88.041,290.551,-46.698
329,137.922,285.992,235.655,101.499,295.256,27.156,88.812,293.188,-46.408
330,138.223,286.825,235.697,103.223,300.203,26.439,92.139,301.503,-47.657
331,138.602,287.285,235.646,106.309,302.460,26.307,95.903,308.232,-47.273
332,139.792,288.391,235.555,112.310,303.059,26.159,103.291,308.317,-45.613
333,140.807,288.947,235.272,118.433,302.900,25.635,111.362,307.799,-45.271
334,142.040,289.561,235.206,126.092,303.291,25.274,121.185,303.879,-44.158
335,143.636,288.043,235.026,133.588,297.028,25.344,130.973,303.169,-44.301
336,145.257,287.582,235.059,142.084,293.255,25.467,142.878,297.054,-44.495
337,147.248,285.374,235.308,151.543,291.804,24.808,153.210,289.998,-43.805
338,148.672,284.945,235.188,158.765,283.543,26.034,164.307,283.421,-42.226
339,150.060,284.294,235.200,166.447,277.559,26.377,175.061,277.954,-42.660
340,150.719,286.062,235.081,170.022,286.614,23.244,179.324,288.146,-47.808
341,150.718,286.065,235.148,170.022,286.614,23.244,179.347,288.169,-47.422
